Series_Title,weighted_rating
The Million Dollar Hotel,4.475377598847395
Sleepless in Seattle,4.469333057043771
Wuthering Heights,4.353661969744113
Galaxy Quest,4.351046277069747
Laura,4.349596242461958
Nell,4.340725564755435
While You Were Sleeping,4.320520513846291
Lonely Hearts,4.296799295461617
Far from the Madding Crowd,4.296496477308086
Once Were Warriors,4.291306224342457
Match Point,4.274394363692937
Birdman of Alcatraz,4.274242527729985
The Thomas Crown Affair,4.2718248286171
Die Büchse der Pandora,4.267032539204461
The Good Thief,4.256766351190813
Terminator 3: Rise of the Machines,4.24769495011259
Men in Black II,4.244490980863725
Crank,4.233996477308086
Hard Target,4.228343855809126
Dead Man,4.226603340393706
Confession of a Child of the Century,4.213951549095435
"Je vais bien, ne t'en fais pas",4.21305716579204
The 39 Steps,4.212691334362472
Shriek If You Know What I Did Last Friday the Thirteenth,4.207676056153893
Scarface,4.202819210138765
Blown Away,4.193771515214374
Cool Hand Luke,4.188273200505882
Le fabuleux destin d'Amélie Poulain,4.187283701318906
Flags of Our Fathers,4.187283701318906
Murder She Said,4.185724253549811
The Talented Mr. Ripley,4.183288471384662
Festen,4.1777062338470525
The Night of the Hunter,4.1777062338470525
Backdraft,4.174394363692937
5 Card Stud,4.170313449200634
Der rote Elvis,4.169570757582492
License to Wed,4.166232736101599
Broken Blossoms,4.157999171131314
Within the Woods,4.157183097664051
The Sixth Sense,4.1552112672262025
Cold Mountain,4.150915492436027
Mission: Impossible,4.149826961055124
Leiutajateküla Lotte,4.149757745477174
Lassie Come Home,4.149596242461958
Point Break,4.145176056153893
Straw Dogs,4.143997832189591
Space Jam,4.141728206403497
We're No Angels,4.141464787897646
My Darling Clementine,4.141041027692582
Bonnie and Clyde,4.13554124676941
Irma la Douce,4.1351643182053905
Солярис,4.130662154665356
Kindergarten Cop,4.124798121230979
Hulk,4.124663535384965
Les Vacances de Monsieur Hulot,4.12299955966351
Madagascar,4.121630837328018
Hour of the Gun,4.120772375384818
Hannibal Rising,4.119301897257798
10 Items or Less,4.116262909128625
Rumble Fish,4.115855129890334
Terminator Salvation,4.111860125411358
Le Clan des Siciliens,4.110115989321452
Dances with Wolves,4.106854458901399
Ghost Rider,4.104984690390281
Beverly Hills Cop III,4.1039984343591485
The Wanderers,4.102584919819374
La Peau douce,4.101627542108496
Totally Blonde,4.101627542108496
Аэлита,4.101373238654043
"Cousin, Cousine",4.100655875178051
The Good Shepherd,4.099397243407843
Miffo,4.096060671337375
Mr. Smith Goes to Washington,4.0934976515387245
Before Sunset,4.092992954616171
Letter from an Unknown Woman,4.088853116923526
Boat,4.084713279230882
Gremlins 2: The New Batch,4.0831090235899765
Ice Age: The Meltdown,4.083044935091875
Gegen die Wand,4.0826604041032635
Gremlins,4.0826604041032635
Urban Explorer,4.0826604041032635
شکارچی,4.0826604041032635
Rock 'n' Roll High School,4.0826604041032635
Meet the Robinsons,4.0800744082439495
Sous le Sable,4.07941041579015
Roma città aperta,4.078398389626553
The Rapture,4.077377366790668
Notes on a Scandal,4.075378824456288
Z,4.074394363692937
Exodus,4.074394363692937
Edward Scissorhands,4.074160638835929
99 francs,4.067631239720852
Broken Flowers,4.067074755266514
Frankenstein,4.066925454559253
Sicko,4.0659983422626285
The Dreamers,4.060819790217042
A River Runs Through It,4.056940762036246
Yella,4.056542892587699
빈집,4.054084505953451
Stomp the Yard,4.053138831209241
Sunshine,4.050998719021122
Baise-moi,4.046496477308086
eXistenZ,4.046496477308086
The Bourne Identity,4.044716503511009
Frau im Mond,4.041330202051632
Ninotchka,4.04065727282156
Silentium,4.04065727282156
Long Pigs,4.04065727282156
Gentlemen Prefer Blondes,4.04065727282156
Dog Day Afternoon,4.040127214094495
The Bank Dick,4.040127214094495
新最佳拍檔,4.039154928259441
도쿄!,4.03484909098991
Taxi,4.03484909098991
O' Horten,4.03484909098991
The Last Mimzy,4.030492954616171
The Kingdom,4.030492954616171
The Enforcer,4.030492954616171
A Christmas Story,4.030492954616171
Die Legende von Paul und Paula,4.029757745477174
"Torrente, el brazo tonto de la ley",4.029757745477174
Terminator 2: Judgment Day,4.028613216804976
Dread,4.027104848547708
The Howling: New Moon Rising,4.027104848547708
Kirschblüten - Hanami,4.027104848547708
The Man with the Golden Arm,4.024959624246196
La Boum 2,4.024394363692936
Bunny Lake Is Missing,4.024394363692936
Nettoyage à sec,4.024394363692936
アキラ,4.024394363692936
Solar Crisis,4.022176694266306
Los Olvidados,4.0190754778699835
North by Northwest,4.018764895148413
A Star Is Born,4.018764895148413
Army of Darkness,4.018764895148413
Beetlejuice,4.017615592292215
Cars,4.017276994957352
The Return of the King,4.014349625701728
座頭市,4.01144528672199
Reality Bites,4.009382447574206
Young and Innocent,4.008852505771215
Local Color,4.007222753756595
Mission: Impossible II,4.007174812850863
Dawn of the Dead,4.005867658664761
In Time,3.993754722851936
Loose Screws,3.9901810861938873
Apocalypse Now,3.9883610744058804
Adams æbler,3.9878068398537794
Grizzly Man,3.9865233493120718
American History X,3.984937860995845
Basquiat,3.9839964773080854
2 Days in Paris,3.9839964773080854
The Prisoner of Zenda,3.9818059970720108
활,3.9817102597806695
Shakespeare in Love,3.9803033566868744
End of the World,3.9803033566868744
Harry Potter and the Philosopher's Stone,3.9795660442413343
The First Wives Club,3.976722148811761
House of Boys,3.976722148811761
The Unforgiven,3.9743943636929364
Red River,3.971997912478866
Bean,3.971997912478866
Children of the Corn IV: The Gathering,3.971549292992152
Fools Rush In,3.9689582118754494
トウキョウソナタ,3.9679929546161707
Bella Bettien,3.9679929546161707
Get Shorty,3.9679929546161707
The Delivery,3.9679929546161707
Downhill Racer,3.966229685325565
Pirates of the Caribbean: Dead Man's Chest,3.964162115039375
Carts of Darkness,3.963420519561338
The Sugarland Express,3.963420519561338
Raiders of the Lost Ark,3.9621971818464683
Batman Begins,3.9591614799285897
Bullitt,3.9581314545643123
Elizabeth,3.9573239394882274
Speed Racer,3.9573239394882274
I Woke Up Early The Day I Died,3.9573239394882274
Dreamland,3.9573239394882274
오직 그대만,3.9573239394882274
Sade,3.9573239394882274
The End of Poverty?,3.9573239394882274
Blondie Knows Best,3.9573239394882274
Absolon,3.9573239394882274
The Green Mile,3.9569366193270215
Brake,3.9551408441760487
An Unfinished Life,3.953958033406722
My Name Is Bruce,3.9532027937961742
Blood: The Last Vampire,3.952819210138765
Bride of Frankenstein,3.9527464773080854
Das Wunder von Bern,3.9527464773080854
42nd Street,3.9495962424619573
Herr Lehmann,3.9495962424619573
"Csillagosok, Katonák",3.9495962424619573
Doctor Zhivago,3.9495962424619573
Rebecca,3.9490614481144193
Sissi,3.9458246250549744
Der Tunnel,3.9452304357214754
Haker,3.942906528951335
Vampire's Kiss,3.9418418182253356
Astérix aux Jeux Olympiques,3.9408881060684635
Trois couleurs : Rouge,3.9385514811936613
Boogie Nights,3.9385079969231302
Torrente 2: Misión en Marbella,3.9373317676924824
Say Anything...,3.93714842890733
The Lost Continent,3.936995303077447
Das wilde Leben,3.9352404075332648
True Romance,3.9343796104030804
Onna no mizûmi,3.9338917703647036
Dancer in the Dark,3.9319993873579278
Sunset Boulevard,3.93021909094052
Nostalghia,3.9289722113098566
The Big Sleep,3.924913480527562
殯の森,3.924798121230979
All Stars,3.9243943636929366
Stranger Than Fiction,3.9196970497533843
Longitude,3.919137594414298
Frankenstein Created Woman,3.9164831405130114
Tanguy,3.9159937374365965
Out of Rosenheim,3.91322860142036
The Thirteenth Floor,3.9131103282906854
Ultimo tango a Parigi,3.9102816883520974
彼女の想いで,3.9102816883520974
Neues vom Wixxer,3.9083888691933995
The Dark,3.9082660404103264
Enough,3.907477035585421
Vesničko má středisková,3.9059976515387236
In the Mouth of Madness,3.9054929546161707
Volver,3.9054929546161707
Jinxed!,3.9054929546161707
Footloose,3.9054929546161707
Son of Frankenstein,3.9033802797637973
Alien,3.903271446293849
Escape from New York,3.903271446293849
The Bourne Supremacy,3.9022176694266304
The Lady Vanishes,3.9019105929099727
Le Grand Bleu,3.8979238384047914
Comanche Station,3.897635509650445
Changing Lanes,3.89745198349679
三枪拍案惊奇,3.89619374724218
48 Hrs.,3.895803645279065
Bringing Up Baby,3.893997832189591
L'Homme de Rio,3.89277848879129
Body Snatchers,3.891991948132767
Don's Plum,3.891991948132767
Paper Man,3.891991948132767
Armed and Dangerous,3.891991948132767
卧虎藏龙,3.891991948132767
Les Femmes du 6ème étage,3.891991948132767
The Sorcerer's Apprentice,3.891991948132767
Don Q Son of Zorro,3.891464787897646
The Great American Girl Robbery,3.890549295461617
Lethal Weapon 3,3.8902464773080854
The Bachelor,3.887998516761299
Dr. Jekyll and Mr. Hyde,3.8873990606154893
Stand by Me,3.8871212638649917
Porgy and Bess,3.88581305790267
Snakes on a Plane,3.88581305790267
Closer,3.8849714496467396
L'important c'est d'aimer,3.8837122727474775
Fever Pitch,3.8836034023458352
Ein Lied von Liebe und Tod – Gloomy Sunday,3.882929575795291
The Shipping News,3.8794053198862732
Hollywoodland,3.8777661310913802
Mosura tai Gojira,3.8776166215385057
And Then There Were None,3.8749548032606667
Berlin: Die Sinfonie der Grosstadt,3.8747670629588216
Dr. Strangelove or: How I Learned to Stop Worrying and Love the Bomb,3.8743943636929368
Straight From the Heart,3.8743943636929368
"Die Nibelungen, Teil 1: Siegfried",3.8743943636929368
Phar Lap,3.8743943636929368
Moon 44,3.8739906061548943
The Times of Harvey Milk,3.8739906061548943
அஞ்சாதே,3.8739906061548943
Mr. & Mrs. Smith,3.8739906061548943
Food of the Gods II,3.8739906061548943
The Ring,3.8739906061548943
Vanilla Sky,3.8739906061548943
Jackie Brown,3.8739906061548943
仁義なき戦い,3.8739906061548943
Sky Captain and the World of Tomorrow,3.8739906061548943
Marlowe,3.8739906061548943
Stalag 17,3.8739906061548943
Naughty @ 40,3.8739906061548943
Now and Forever,3.8739906061548943
Samsara,3.8739906061548943
Dirty Harry,3.8739906061548943
Posti in piedi in paradiso,3.8739906061548943
Hard Candy,3.8739906061548943
The Cardinal,3.8739906061548943
X: The Unknown,3.8739906061548943
Quinceañera,3.8739906061548943
Judgment Night,3.8726291077493458
The Big Parade,3.8697577454771745
Catwoman,3.8687592208061607
A Brief History of Time,3.867770623384705
La Chienne,3.867290802172316
Rocky,3.867290802172316
The Yes Men,3.86522932402383
Street Kings,3.8646548137201537
The Door in the Floor,3.864330984872057
Horrible Bosses,3.864330984872057
Barton Fink,3.8621971818464687
Le Bossu,3.8610149783639582
"Murder, My Sweet",3.8608868013677546
A Dandy in Aspic,3.8604381818810407
The Angry Red Planet,3.8604381818810407
Team America: World Police,3.8604381818810407
LaLehet Al HaMayim,3.8604381818810407
Lisbon Story,3.8604381818810407
Lili Marleen,3.859756721771657
Postal,3.8584323320404073
Dear Frankie,3.8584323320404073
Interview with the Vampire,3.856369326609803
Lucky You,3.855536293728053
My Best Friend's Wedding,3.854647886985532
Idioterne,3.8536619697441137
The Harrad Experiment,3.8536619697441137
Bandyta,3.853659313904328
Best Worst Movie,3.8531292094984644
Bad Boys II,3.8518764895148414
Gerry,3.8498269610551246
Wilbur begår selvmord,3.8495962424619576
The Powerpuff Girls Movie,3.8495962424619576
Frank Herbert's Dune,3.8487887273858736
Gadjo Dilo,3.8487887273858736
JFK,3.8487887273858736
The Era of Vampires,3.8487887273858736
A Countess from Hong Kong,3.8487887273858736
Interceptor Force 2,3.8487887273858736
Strangers on a Train,3.8487887273858736
29th Street,3.8487887273858736
The Evil Dead,3.8487887273858736
Breakfast on Pluto,3.8487887273858736
Violeta se fue a los cielos,3.8487887273858736
Knight Moves,3.8487887273858736
Captain America: The First Avenger,3.8487887273858736
Brigham City,3.8487887273858736
Kismet,3.8487887273858736
Garde à vue,3.8487887273858736
Волк и телёнок,3.8487887273858736
Spider-Man 3,3.8487887273858736
8:46,3.8487887273858736
House of Cards,3.8487887273858736
History Is Made at Night,3.8487887273858736
L'Homme orchestre,3.8487887273858736
American Mullet,3.8487887273858736
Changeling,3.8487887273858736
Chalte Chalte,3.8487887273858736
Il giardino dei Finzi Contini,3.8487887273858736
The Fifth Musketeer,3.8487887273858736
The Others,3.8487887273858736
The General,3.8487887273858736
Duel of Hearts,3.8487887273858736
Mud,3.8487887273858736
Murder in Three Acts,3.8487887273858736
The Cosmonaut,3.8487887273858736
Nicht versöhnt oder Es hilft nur Gewalt wo Gewalt herrscht,3.8487887273858736
Nick of Time,3.8487887273858736
Night Without Sleep,3.8487887273858736
Singin' in the Rain,3.8487887273858736
Silk,3.8487887273858736
Nothing Like the Holidays,3.8487887273858736
Contraluz,3.8487887273858736
The Game,3.8487887273858736
Once Upon a Time in Mexico,3.8487887273858736
Orfeu,3.8487887273858736
The Pillow Book,3.8487887273858736
Orgazmo,3.8487887273858736
Sense and Sensibility,3.8487887273858736
1408,3.8487887273858736
杀生,3.8487887273858736
Sans soleil,3.8487887273858736
海洋天堂,3.8487887273858736
Anchorman: The Legend of Ron Burgundy,3.8487887273858736
Denis Leary: No Cure for Cancer,3.8487887273858736
Prince of Jutland,3.8487887273858736
Psychopathia Sexualis,3.8487887273858736
De Dominee,3.8487887273858736
The Hessen Affair,3.8487887273858736
Rio Bravo,3.8487887273858736
Mr. Magorium's Wonder Emporium,3.8487887273858736
Hak bak do,3.8487887273858736
A Streetcar Named Desire,3.8487887273858736
The Falcon and the Snowman,3.8487887273858736
The Specialist,3.8487887273858736
"You, Me and Dupree",3.8487887273858736
Bloody Cartoons,3.8487887273858736
Lion of the Desert,3.8487887273858736
Blindsight,3.8487887273858736
Emmas Glück,3.8487887273858736
Cockpit,3.8487887273858736
The Brothers Grimm,3.8487887273858736
Masumiyet,3.8487887273858736
Aamdani Atthanni Kharcha Rupaiya,3.8487887273858736
Les neiges du Kilimandjaro,3.8487887273858736
The Return of Doctor X,3.8487887273858736
The Wizard,3.8487887273858736
Around the World in Eighty Days,3.8487887273858736
Soldier of God,3.8487887273858736
Cesare deve morire,3.846885757607187
The Golden Compass,3.846799295461617
Cinderella Man,3.8434976515387236
2010,3.8429929546161707
"장화, 홍련",3.8429929546161707
Le roman d'un tricheur,3.8429929546161707
Zatōichi kenka-daiko,3.8429929546161707
Nuits rouges,3.8429929546161707
Lethal Weapon 2,3.8414647878976456
Flashdance,3.8414647878976456
The Lord of the Rings,3.840358512448124
Angel Face,3.840358512448124
The Final Cut,3.840358512448124
The Mist,3.8388531169235263
Sophie Scholl – Die letzten Tage,3.8378790374664327
Jacob's Ladder,3.835956383192789
8 femmes,3.835366937813931
The Searchers,3.8352243692785217
Bridge to Terabithia,3.832804400218517
Ken Park,3.8309173955926856
Finding Neverland,3.830449794739657
Ein Freund von mir,3.8286286124699664
City Lights,3.8277464773080854
The Halliday Brand,3.8277464773080854
Monsieur Batignole,3.8264572028407207
Keeping the Faith,3.8264572028407207
Cabra Marcado Para Morrer,3.824394363692937
Homeless to Harvard: The Liz Murray Story,3.824394363692937
Batman,3.824394363692937
Death Line,3.824394363692937
The Out-of-Towners,3.823023015534863
Léon,3.8211401731871124
Kammerflimmern,3.8205633767041958
পথের পাঁচালী,3.8205633767041958
Puteshestvie s domashnimi zhivotnymi,3.8205633767041958
Loin,3.8205633767041958
Pulgasari,3.8205633767041958
The Machinist,3.8205633767041958
Alice in den Städten,3.8205633767041958
Die Hard: With a Vengeance,3.8205633767041958
Prime,3.820123238654043
Indochine,3.8191079798294094
Barda,3.8162629091286244
The Remains of the Day,3.814320762481592
Lord of Illusions,3.811995303077447
Forrest Gump,3.811995303077447
Der bewegte Mann,3.811995303077447
The Chronicles of Riddick: Dark Fury,3.81130857851754
Ocean's Eleven,3.8074394363692936
The Elephant Man,3.806969818197982
Strange Days,3.8065428925876987
Турецкий гамбит,3.8048826263254854
Just Visiting,3.8048826263254854
40 Days and 40 Nights,3.8048826263254854
The Lady Eve,3.8048826263254854
Hum Dil De Chuke Sanam,3.8048826263254854
15 Minutes,3.8048826263254854
Pale Rider,3.8048826263254854
Voksne mennesker,3.8048826263254854
The Holy Modal Rounders: Bound to Lose,3.8048826263254854
Bushwhacked,3.8048826263254854
One Night at McCool's,3.8048788727385876
Мой сводный брат Франкенштейн,3.8031388312092407
The King of Comedy,3.801830984872057
The Curse of Frankenstein,3.794903966993579
Liberty Stands Still,3.794903966993579
American Graffiti,3.79430985859843
Still Bill,3.790657272821561
A Máquina,3.790657272821561
Wild in the Country,3.790657272821561
Die Blechtrommel,3.790657272821561
Christmas in Boston,3.790657272821561
Performance,3.790657272821561
Green Street Hooligans,3.790657272821561
Paris is Burning,3.790657272821561
Into the Wild,3.790657272821561
The Holy Mountain,3.790657272821561
Free Money,3.790657272821561
Cat Run,3.790657272821561
Class of Nuke 'Em High,3.790657272821561
Hababam Sınıfı Uyanıyor,3.790657272821561
Nuit et brouillard,3.790657272821561
Conquest of Space,3.790657272821561
Lui è peggio di me,3.790657272821561
ドッペルゲンガー,3.790657272821561
Basic Training,3.790657272821561
Salvatore Giuliano,3.790657272821561
Bambi Meets Godzilla,3.790657272821561
Love in the Time of Cholera,3.790657272821561
Mildred Pierce,3.790657272821561
Torrente 3: El protector,3.788368363645067
Curtains,3.787995664379182
The Magnificent Ambersons,3.7871971818464685
Carry On Doctor,3.7868127272936807
Monsieur Ibrahim et les fleurs du Coran,3.7852602569231455
Les Cousins,3.7829295757952908
Letters from Iwo Jima,3.780997651538724
Deadlier Than the Male,3.7804929546161707
River of No Return,3.7804929546161707
The Rules of Attraction,3.7804929546161707
공동경비구역 JSA,3.7804929546161707
Park Row,3.7804929546161707
On Her Majesty's Secret Service,3.7804929546161707
Erreur de la banque en votre faveur,3.7804929546161707
Taxi Driver,3.7804929546161707
Carriers,3.7804929546161707
Hotel Rwanda,3.7804929546161707
Crustacés et coquillages,3.779360870898566
The Mummy Returns,3.779055508054668
K-19: The Widowmaker,3.778768508165761
Walk the Line,3.7786132168049757
The Butterfly Effect,3.7773142963962925
Mere Brother Ki Dulhan,3.777162611580534
Meet Me in St. Louis,3.7768633415386317
Because I Said So,3.7765694156046203
Rocky Balboa,3.7751913498679732
Very Annie Mary,3.7743943636929362
Pulp Fiction,3.7743943636929362
The Island,3.773521125568065
The Gift,3.773521125568065
Batman Returns,3.773254625671222
Swept from the Sea,3.7718806952038046
Dollman vs. Demonic Toys,3.7714758103012773
Flash Gordon,3.77032863641078
Bridesmaids,3.77032863641078
Tron,3.77032863641078
Superstar: The Karen Carpenter Story,3.770035211044012
Idle Hands,3.767424545494955
The Glass House,3.7652464773080854
Out of the Past,3.7652464773080854
Anybody's Son Will Do,3.76496798899786
Charlie's Angels,3.763552424273854
Re-Animator,3.7621971818464686
Don't Look Now,3.7621971818464686
Star Trek II: The Wrath of Khan,3.7621971818464686
Forces of Nature,3.760940347601902
Breaking and Entering,3.76016431820539
Un long dimanche de fiançailles,3.7593824475742066
Die Frau mit den 5 Elefanten,3.758712272747477
Tueur à gages,3.758712272747477
Light of Day,3.757293565067935
Secret Agent,3.7553031225419424
A Bridge Too Far,3.7553031225419424
The Garden of Eden,3.7527720867832883
Rosemary's Baby,3.7498857289986676
Per qualche dollaro in più,3.7495962424619576
Utvandrarna,3.7494494215390333
Adaptation.,3.7494494215390333
Menschen am Sonntag,3.7494494215390333
Angel Heart,3.7494494215390333
Wizards of the Lost Kingdom,3.7493270707699295
The Kite Runner,3.7493270707699295
Southland Tales,3.7493270707699295
Impostor,3.7493270707699295
"Air: Eating, Sleeping, Waiting and Playing",3.7493270707699295
The Fairy King Of Ar,3.7493270707699295
Rise of the Zombies,3.7493270707699295
INLAND EMPIRE,3.7493270707699295
สุริโยไท,3.7491348052756237
Three of Hearts,3.7491348052756237
Être et avoir,3.7491348052756237
The X Files,3.7491348052756237
Shine a Light,3.7491348052756237
Across the Universe,3.7491348052756237
"The World, the Flesh and the Devil",3.7491348052756237
The Badge,3.7491348052756237
Soldaat van Oranje,3.7491348052756237
La Proie,3.7491348052756237
Entrapment,3.7491348052756237
Veer-Zaara,3.7491348052756237
Edge of Seventeen,3.7487887273858735
I due della legione,3.7487887273858735
Rock Around the Clock,3.7487887273858735
The Other Side of the Mountain: Part II,3.7487887273858735
The Skinny,3.7487887273858735
CQ,3.7487887273858735
Knocked Up,3.7487887273858735
Look Back in Anger,3.7487887273858735
Johnny Angel,3.7487887273858735
Night of the Demons,3.7487887273858735
Берегись автомобиля,3.7487887273858735
Die Wolke,3.7487887273858735
Şaban Oğlu Şaban,3.7487887273858735
Ödipussi,3.7487887273858735
Spice World,3.7487887273858735
다세포 소녀,3.7487887273858735
Holiday For Lovers,3.7487887273858735
연가시,3.7487887273858735
Mirror Mirror,3.7487887273858735
Breach,3.7487887273858735
Le notti erotiche dei morti viventi,3.7487887273858735
Dan in Real Life,3.7487887273858735
The Gun That Won the West,3.7487887273858735
Totò Sceicco,3.7487887273858735
Perestroika,3.7487887273858735
33 sceny z życia,3.7487887273858735
Small Potatoes: Who Killed the USFL?,3.7487887273858735
I'm Not There.,3.7487887273858735
1724 기방난동사건,3.7487887273858735
E la nave va,3.7487887273858735
Like Mike 2: Streetball,3.7487887273858735
口裂け女,3.7487887273858735
Prep & Landing,3.7487887273858735
Gamera tai daiakuju Giron,3.7487887273858735
13 Tzameti,3.7487887273858735
Uzak,3.7487887273858735
Two-Minute Warning,3.7487887273858735
Arthur et la vengeance de Maltazard,3.7487887273858735
The Incredible Shrinking Man,3.7487887273858735
C'est dur d'être aimé par des cons,3.7487887273858735
Mandroid,3.7487887273858735
The Bed-Sitting Room,3.7487887273858735
Brooklyn Boheme,3.7487887273858735
野火,3.7487887273858735
Carrie,3.7487887273858735
Arlington Road,3.7483154186640095
Dogtown and Z-Boys,3.746234465248961
To Kill a Mockingbird,3.7457996868718295
Montag kommen die Fenster,3.743067721053827
La science des rêves,3.7419568472013762
Notting Hill,3.740779800450358
Heart of the Country,3.7401516783434374
Rocky IV,3.7400518899595965
Saw,3.7383610744058804
This Is 40,3.7371971818464687
What's New Pussycat?,3.7357746464960755
Jarhead,3.735656606065994
Eyes Wide Shut,3.735460454556334
Free Rainer - Dein Fernseher lügt,3.7346649586948297
Young Frankenstein,3.7346649586948297
Carry On Screaming,3.7340308513798313
مسافر,3.731998658022128
Miami Vice,3.7317102597806695
Nichts als Gespenster,3.7286619697441137
Wedlock,3.726373238654043
Le Boucher,3.7259020779490175
Elementarteilchen,3.7259020779490175
"André Hazes, Zij Gelooft in Mij",3.7248788727385875
The Pawnshop,3.7248788727385875
The Demolitionist,3.7243943636929364
Lost Horizon,3.7243943636929364
The Ghost of Frankenstein,3.7243943636929364
Bill & Ted's Bogus Journey,3.7243943636929364
Cosa avete fatto a Solange?,3.7243943636929364
Kettle of Fish,3.7243943636929364
Shuang ma lian huan,3.7238321591026953
School of Rock,3.7212910795513476
Girl with a Pearl Earring,3.720920909112668
24 Hour Party People,3.720920909112668
Voyage to the Bottom of the Sea,3.7185985909232344
Cul-de-sac,3.7179929546161707
Dupont Lajoie,3.7179929546161707
Ice Age,3.7179929546161707
Lethal Weapon,3.7179929546161707
Non c'è due senza quattro,3.7179929546161707
Qualunquemente,3.7179929546161707
Cruel Intentions 3,3.7179929546161707
La fonte des neiges,3.7179929546161707
Memoirs of a Geisha,3.7179929546161707
"I, Robot",3.7179929546161707
Wet Hot American Summer,3.7179929546161707
Five Bloody Graves,3.7179929546161707
Deux frères,3.7168227005430787
Erbsen auf halb 6,3.7162629091286243
The Hours,3.7147764254219875
Jesus,3.7110725874561052
The Whole Nine Yards,3.7110725874561052
Mr. Destiny,3.7110725874561052
ゴジラ,3.709757745477175
Being John Malkovich,3.709757745477175
Schwerkraft,3.7092957739710637
The Most Dangerous Game,3.708189134212604
Badlands,3.7073239394882274
Non pensarci,3.7073239394882274
"Welcome Home, Roxy Carmichael",3.7073239394882274
Cinderella Liberty,3.7073239394882274
De Noorderlingen,3.7073239394882274
Calling Dr. Gillespie,3.7073239394882274
Catch a Fire,3.7073239394882274
The Message,3.7073239394882274
00 Schneider - Jagd auf Nihil Baxter,3.7073239394882274
Betty Blowtorch: And Her Amazing True Life Adventures,3.7073239394882274
'Twas the Night Before Christmas,3.7073239394882274
Clerks II,3.7073239394882274
Away from Her,3.7073239394882274
The Magdalene Sisters,3.7073239394882274
人間の條件　第３部望郷篇／第４部戦雲篇,3.7073239394882274
Oh Dem Watermelons,3.7073239394882274
Short Cuts,3.7073239394882274
The Least of These,3.7073239394882274
Shanghai Express,3.7073239394882274
Messenger of Death,3.7073239394882274
Merlin,3.7073239394882274
You Are Not I,3.7073239394882274
Memento,3.7073239394882274
One Fine Day,3.7073239394882274
Rang Birangi,3.7073239394882274
More of Me,3.7073239394882274
Feng sheng,3.7073239394882274
Attack of the Killer Tomatoes!,3.7073239394882274
Landru,3.7073239394882274
A History of Violence,3.7073239394882274
The Last King of Scotland,3.7073239394882274
Rear Window,3.7073239394882274
Red Dawn,3.7073239394882274
TMNT,3.7062584189969288
Cat on a Hot Tin Roof,3.704435338853261
Monsoon Wedding,3.7041149051688103
Delicatessen,3.7039948760844883
Cassandra's Dream,3.7039948760844883
Mar adentro,3.7039948760844883
사마리아,3.7027464773080854
The Number 23,3.7027464773080854
Deep Blue Sea,3.7027464773080854
Die Hard,3.698351283439099
Ballo a tre passi,3.6980670219630816
暗戰,3.6976643182053905
The Mikado,3.6976643182053905
Brigham Young,3.697049665101546
In the Name of the King: A Dungeon Siege Tale,3.697049665101546
The Reaping,3.695995974066384
Sommer '04,3.694220134701088
Arctic Tale,3.693771515214374
The Count of Monte-Cristo,3.693771515214374
Good Morning Miss Dove,3.693771515214374
Godzilla,3.693771515214374
Milou en Mai,3.693771515214374
Spy Game,3.693771515214374
The Lord of the Rings: The Two Towers,3.693771515214374
Office Space,3.693771515214374
Spellbound,3.693771515214374
Die Höhle des gelben Hundes,3.6931267603357214
Saw II,3.6929065289513354
Star 80,3.691941212129411
"Edward, My Son",3.6914647878976456
Sweet November,3.690085731237595
300,3.6873623553847583
Shattered,3.686995303077447
Stitches,3.686995303077447
Rush Hour,3.686253520671443
The Forbidden Kingdom,3.6843269448676947
Furankenshutain Tai Chitei Kaijū Baragon,3.6843269448676947
2001: A Space Odyssey,3.6839993806255977
Star Wars,3.6830691120573182
FC Venus,3.68021909094052
The Breakfast Club,3.6800917124867296
"10,000 BC",3.6777062338470525
Prizzi's Honor,3.6777062338470525
Yamakasi - Les samouraïs des temps modernes,3.6777062338470525
Shall We Dance?,3.6777062338470525
Blondie of the Follies,3.6777062338470525
Sedam i po,3.6777062338470525
Hardcover,3.6777062338470525
Deep Impact,3.6777062338470525
The Sentinel,3.6777062338470525
Der Totmacher,3.6777062338470525
Blindness,3.6777062338470525
Land des Schweigens und der Dunkelheit,3.6777062338470525
Wild Tigers I Have Known,3.6777062338470525
Open Season,3.6777062338470525
Star Trek: The Motion Picture,3.6777062338470525
Kevin Hart: Laugh at My Pain,3.6777062338470525
X-Men Origins: Wolverine,3.677162611580534
L.A. Confidential,3.676830984872057
Kingu Kongu tai Gojira,3.674798121230979
The Comedy,3.6743943636929366
Patton Oswalt: My Weakness Is Strong,3.6743943636929366
Daikyojû Gappa,3.6743943636929366
St. Louis Blues,3.6743943636929366
A Perfect Murder,3.6734428788035935
Diarios de motocicleta,3.6732266322378337
The Tailor of Panama,3.672611048994567
Gothika,3.672611048994567
8½,3.672611048994567
Silent Hill,3.672346774597851
"The Tulse Luper Suitcases, Part 1: The Moab Story",3.6714964773080854
Sister Act,3.6680717024896246
I Love You to Death,3.664980068621309
Metamorphosis,3.6641126753408386
Kiss of the Dragon,3.663873238654043
Love Actually,3.663821595965882
Conquest of the Planet of the Apes,3.6632286014203603
MouseHunt,3.6621971818464685
The Pink Panther,3.661408449231139
Rope,3.6610512558604604
Los amantes del círculo polar,3.6602816883520983
Beowulf,3.6602816883520983
Raw Deal,3.6602816883520983
Good Neighbor Sam,3.6602816883520983
Joshua,3.6601011188956245
Cube,3.6595539899147047
Valkoinen peura,3.6585403306299424
Swimming Pool,3.6585403306299424
Gishiki,3.6585403306299424
Le vieux fusil,3.6585403306299424
Dune,3.6585403306299424
Common Law Cabin,3.6585403306299424
Wayne's World 2,3.658131454564312
The Terminal,3.6565859151590585
Read It and Weep,3.656098590923234
Ober,3.6558111016109334
Only the Lonely,3.6554929546161707
「エロ事師たち」より 人類学入門,3.6554929546161707
Sissi - Die junge Kaiserin,3.6554929546161707
Young Black Stallion,3.6554929546161707
The China Syndrome,3.6554929546161707
고지전,3.6554929546161707
Winterschläfer,3.6554929546161707
Cape Fear,3.6554929546161707
L'infermiera,3.6554929546161707
The Godfather: Part III,3.6554929546161707
Wattstax,3.6554929546161707
Original Sin,3.6554929546161707
The Happening,3.6544735065204463
Muxmäuschenstill,3.6536141618066913
Wish You Were Here,3.653271446293849
The Chronicles of Narnia: Prince Caspian,3.6524413131627425
Human Nature,3.65229130821779
Frankenstein Unbound,3.65229130821779
The Karate Kid,3.65156941560462
The Three Musketeers,3.6497577454771744
The Dawn Patrol,3.6497577454771744
Lawrence of Arabia,3.6495962424619575
The Squeeze,3.648788727385874
Apartment Zero,3.648788727385874
The Secret Life of Words,3.648788727385874
The Flintstones in Viva Rock Vegas,3.648788727385874
Jackass: The Movie,3.648788727385874
Cesta do pravěku,3.648788727385874
Cavegirl,3.648788727385874
Jakob der Lügner,3.648788727385874
Aliens,3.648788727385874
L'art d'aimer,3.648788727385874
Annie's Point,3.648788727385874
J'ai pas sommeil,3.648788727385874
Il gattopardo,3.648788727385874
Harry Potter and the Half-Blood Prince,3.648788727385874
The Hunt for Red October,3.648788727385874
The Blue Lagoon,3.648788727385874
The Liquidator,3.648788727385874
The Day of the Locust,3.648788727385874
The Birds,3.648788727385874
Junebug,3.648788727385874
The Magnificent Seven,3.648788727385874
The Man I Love,3.648788727385874
American Wedding,3.648788727385874
High Fidelity,3.648788727385874
Addams Family Values,3.648788727385874
The Country Girl,3.648788727385874
The Scarecrow,3.648788727385874
Stop-Loss,3.648788727385874
The Celluloid Closet,3.648788727385874
The Mask,3.648788727385874
The Chosen,3.648788727385874
Histoire d'O,3.648788727385874
The Mexican,3.648788727385874
The Mothman Prophecies,3.648788727385874
The Company She Keeps,3.648788727385874
K-PAX,3.648788727385874
The Private Lives of Pippa Lee,3.648788727385874
The Quiet Man,3.648788727385874
Carmen Jones,3.648788727385874
Tenue de soirée,3.648788727385874
The Dream Catcher,3.648788727385874
The Running Man,3.648788727385874
L'Auberge espagnole,3.648788727385874
Il Boom,3.648788727385874
The Jazz Singer,3.648788727385874
"Synecdoche, New York",3.648788727385874
Harold's Going Stiff,3.648788727385874
Harper,3.648788727385874
Harry Brown,3.648788727385874
Card Subject To Change,3.648788727385874
The Mostly Unfabulous Social Life of Ethan Green,3.648788727385874
"Tarzan, the Ape Man",3.648788727385874
I Spy Returns,3.648788727385874
I Magliari,3.648788727385874
Johnny Mad Dog,3.648788727385874
Johnny cien pesos,3.648788727385874
Anima Mundi,3.648788727385874
The Real McCoy,3.648788727385874
Humoresque,3.648788727385874
Illusions funambulesques,3.648788727385874
Les temps morts,3.648788727385874
"Grandview, U.S.A.",3.648788727385874
Miss Congeniality,3.648788727385874
¡Three Amigos!,3.648788727385874
Milk Money,3.648788727385874
Zombi 2,3.648788727385874
Zolushka,3.648788727385874
Pickpocket,3.648788727385874
Zardoz,3.648788727385874
Donald Glover: Weirdo,3.648788727385874
Midnight Cowboy,3.648788727385874
Zabriskie Point,3.648788727385874
Pirates of the Caribbean: At World's End,3.648788727385874
Drugstore Cowboy,3.648788727385874
"Rag. Arturo De Fanti, bancario precario",3.648788727385874
Dudes,3.648788727385874
Wizards of Waverly Place: The Movie,3.648788727385874
Désirée,3.648788727385874
Earth Girls Are Easy,3.648788727385874
Wild Orchid,3.648788727385874
Magyar rapszódia,3.648788727385874
Ring of Fire II: Blood and Steel,3.648788727385874
Wee Willie Winkie,3.648788727385874
El verdugo,3.648788727385874
Blondie Goes Latin,3.648788727385874
Wanda Sykes: Sick and Tired,3.648788727385874
Love Is a Ball,3.648788727385874
A Pyromaniac's Love Story,3.648788727385874
Lost Highway,3.648788727385874
Equilibrium,3.648788727385874
Vicky Cristina Barcelona,3.648788727385874
Blondie Plays Cupid,3.648788727385874
Dinner for One,3.648788727385874
3 hommes et un couffin,3.648788727385874
Et Dieu… créa la femme,3.648788727385874
Не горюй!,3.648788727385874
Da Xiao Jiang Hu,3.648788727385874
National Lampoon's Christmas Vacation,3.648788727385874
Dangerous Game,3.648788727385874
"Nick Carter, Master Detective",3.648788727385874
Das Leben der Anderen,3.648788727385874
Nightwatch,3.648788727385874
Nirvana,3.648788727385874
Murder!,3.648788727385874
Noite Escura,3.648788727385874
鎗王之王,3.648788727385874
Murder Most Foul,3.648788727385874
Day of the Reaper,3.648788727385874
真夜中の弥次さん喜多さん,3.648788727385874
12 Angry Men,3.648788727385874
新平家物語,3.648788727385874
16 Blocks,3.648788727385874
少林搭棚大師,3.648788727385874
天使の恋,3.648788727385874
Noodle,3.648788727385874
九品芝麻官之白面包靑天,3.648788727385874
Big River Man,3.648788727385874
Mr. Jones,3.648788727385874
スカイハイ 劇場版,3.648788727385874
Crossing Delancey,3.648788727385874
Odette Toulemonde,3.648788727385874
Derailed,3.648788727385874
Once,3.648788727385874
Devil Dog: The Hound of Hell,3.648788727385874
Open Range,3.648788727385874
Clerks,3.648788727385874
95 Miles to Go,3.648788727385874
Evening,3.648788727385874
Full Metal Jacket,3.648788727385874
Fixing Frank,3.648788727385874
Flaming Creatures,3.648788727385874
Flirting with Disaster,3.648788727385874
Evil Alien Conquerors,3.648788727385874
Le couple témoin,3.648788727385874
Tomboy,3.648788727385874
Sin City: A Dame to Kill For,3.648788727385874
Le Silence de Lorna,3.648788727385874
Sister Act 2: Back in the Habit,3.648788727385874
Franklyn,3.648788727385874
Fraternity Demon,3.648788727385874
Soccer Dog: The Movie,3.648788727385874
Children of the Corn 666: Isaac's Return,3.648788727385874
They All Laughed,3.648788727385874
"Cherry, Harry & Raquel!",3.648788727385874
Shanghai Ghetto,3.648788727385874
The Wild Blue Yonder,3.648788727385874
Garden State,3.648788727385874
Spaceballs,3.648788727385874
Gaslight,3.648788727385874
Ladrones,3.648788727385874
The Weather Man,3.648788727385874
Squadra antimafia,3.648788727385874
The Transporter,3.648788727385874
La lupa mannara,3.648788727385874
Star Trek: Insurrection,3.648788727385874
Star Trek: Nemesis,3.648788727385874
Gone Baby Gone,3.648788727385874
Stick,3.648788727385874
The System,3.648788727385874
Les Choses de la vie,3.648788727385874
Cannibal Holocaust,3.648788727385874
Live Nude Girls,3.648788727385874
Un Conte de Noël,3.648788727385874
Sedmikrásky,3.648788727385874
Failure to Launch,3.648788727385874
Liar Liar,3.648788727385874
Les visiteurs du soir,3.648788727385874
Scott Walker: 30 Century Man,3.648788727385874
Blue Velvet,3.648788727385874
Fantômas se déchaîne,3.648788727385874
B. Monkey,3.648788727385874
Bloodbath at the House of Death,3.648788727385874
Sarfarosh,3.648788727385874
Fanaa,3.648788727385874
Shadow Run,3.648788727385874
Trois couleurs : Bleu,3.648788727385874
Babysitter Wanted,3.648788727385874
Family Plot,3.648788727385874
Blood River,3.648788727385874
Triple Cross,3.648788727385874
Bogus,3.648788727385874
Videodrome,3.6474519834967896
The Poseidon Adventure,3.6462121663503124
Mother India,3.64532863641078
The Revengers' Comedies,3.64532863641078
Le Professionnel,3.644418086154177
Mission to Mars,3.643997832189591
The Killing,3.6434881624878583
Der letzte Mann,3.6407989752168977
The Great Dictator,3.6407989752168977
Final Fantasy: The Spirits Within,3.6386645791455323
Charlie Wilson's War,3.638215959658819
"Elvira, Mistress of the Dark",3.638215959658819
L'amour en fuite,3.638215959658819
Traffic,3.638215959658819
Man with the Screaming Brain,3.638215959658819
One Tough Cop,3.638215959658819
They Live,3.634149510533028
Black Rain,3.6337122727474775
25th Hour,3.631996684525257
Beyond Rangoon,3.631996684525257
À l'aveugle,3.631996684525257
Sabrina,3.6306639827109226
The Curse of the Jade Scorpion,3.629757745477175
Les Quatre Cents Coups,3.629757745477175
Die Ehe der Maria Braun,3.627086730472445
The Getaway,3.624855800879271
Beat,3.6247670629588216
Mystic River,3.6246635353849648
Jönssonligans största kupp,3.624567402637812
The Butter Battle Book,3.624567402637812
Erkan & Stefan gegen die Mächte der Finsternis,3.624567402637812
The Cotton Club,3.6243943636929368
La mariée était en noir,3.6243943636929368
Inside Man,3.6243943636929368
Kelin,3.6239906061548943
El asaltante,3.6239906061548943
Vice Versa,3.6239906061548943
Ernest Saves Christmas,3.6239906061548943
The Marksman,3.6239906061548943
รถไฟฟ้า มาหานะเธอ,3.6239906061548943
Stolen Seas,3.6239906061548943
Zaat,3.6239906061548943
L'odore della notte,3.6239906061548943
Polosatyy Reys,3.6239906061548943
Sundome,3.6239906061548943
Everybody's Fine,3.6239906061548943
Man's Favorite Sport?,3.6239906061548943
Wolves of Wall Street,3.6239906061548943
The Pet,3.6239906061548943
The Skulls II,3.6239906061548943
Kongen av Bastøy,3.6239906061548943
Runaway Bride,3.6239906061548943
Shoot 'Em Up,3.6239906061548943
Lenny Bruce in 'Lenny Bruce',3.6239906061548943
It Happened One Night,3.6239906061548943
Fred Claus,3.6239906061548943
Shanghai Noon,3.6239906061548943
Intruder,3.6239906061548943
The Wild Geese,3.6239906061548943
Les Misérables,3.6239906061548943
Final Fantasy VII: Advent Children,3.621255532483696
Married to the Mob,3.621234465248961
The Goddess,3.6204275649451674
The Ewok Adventure,3.6196654924360283
Ask the Dust,3.6185985909232343
Memoirs of an Invisible Man,3.616998238654043
Gods and Monsters,3.6168378005956345
The In-Laws,3.6162629091286242
La ronde,3.6162629091286242
Addicted to Love,3.6147011793764694
Зеркало,3.6135262479441703
Once in a Lifetime: The Extraordinary Story of the New York Cosmos,3.6134528374827077
Billion Dollar Brain,3.6130857851753966
Mambo Italiano,3.6130857851753966
Romeo and Juliet,3.6121971818464687
Cutthroat Island,3.6115732688708375
The Projected Man,3.6114989935165958
Princesas,3.6099192484923917
Sommersby,3.6097577454771748
Reign Over Me,3.6077426021736643
Astérix & Obélix Mission Cléopâtre,3.606277662418481
The Chant of Jimmie Blacksmith,3.606277662418481
The Vampire Lovers,3.606277662418481
Midnight in the Garden of Good and Evil,3.606277662418481
Michael,3.606277662418481
The Strange Case of Dr. Jekyll and Mr. Hyde,3.606277662418481
Face/Off,3.606277662418481
You Only Live Twice,3.606277662418481
Steppenwolf,3.606277662418481
Love and Other Disasters,3.606277662418481
Anma to onna,3.606277662418481
Razorback,3.606277662418481
L'avventura,3.606277662418481
Mahogany,3.606277662418481
Shane,3.606277662418481
China Gate,3.606277662418481
Das Boot,3.606277662418481
The Lost World,3.606277662418481
Alraune,3.606277662418481
The History Boys,3.606277662418481
Miracle on Ice,3.606277662418481
The Flintstones,3.606277662418481
Irina Palm,3.606277662418481
座頭市海を渡る,3.606277662418481
Journal d'un curé de campagne,3.606277662418481
لاک‌پشت‌ها هم پرواز می‌کنند,3.606277662418481
ゴジラ・エビラ・モスラ　南海の大決闘,3.606277662418481
Aladin,3.606277662418481
À bout de souffle,3.606277662418481
অপুর সংসার,3.606277662418481
The Pledge,3.6036619697441137
The Beach,3.6031292094984644
High and Dizzy,3.6025849198193747
Buddenbrooks,3.601627542108495
The Prestige,3.601373238654043
Człowiek z marmuru,3.5959985547930606
The Thin Man,3.59568797207149
Čarodějův učeň,3.5929929546161707
Enigma,3.5929929546161707
অপরাজিত,3.5929929546161707
Das schreckliche Mädchen,3.5929929546161707
Leningrad,3.5929929546161707
Torn Curtain,3.5929929546161707
Dial M for Murder,3.5888531169235263
Paradise Found,3.5888531169235263
Zodiac,3.5888531169235263
Vollidiot,3.5888531169235263
La Cité des Enfants Perdus,3.5884154924360283
"Aguirre, der Zorn Gottes",3.5877015280524405
Die Mörder sind unter uns,3.5871971818464683
Heat,3.5871971818464683
Frances,3.5831090235899765
The Tortured,3.582929575795291
The Crowd,3.582929575795291
Jenseits der Stille,3.582660404103263
Monster's Ball,3.582660404103263
Lisa e il diavolo,3.582660404103263
Leben nach Microsoft,3.582660404103263
Seabiscuit,3.582660404103263
Mercury Rising,3.582660404103263
An American Tail,3.582660404103263
Chelsea Girls,3.582660404103263
Prelude to a Kiss,3.582660404103263
A Night in Heaven,3.582660404103263
The Grapes of Wrath,3.5820563376704193
Mad Dog Coll,3.5807042246155696
Du rififi chez les hommes,3.5801408441760487
Donnie Darko,3.5798344704838083
Alexander,3.5777464773080854
Shiloh,3.5758236363882334
Star Command,3.574394363692937
Valley of Flowers,3.574394363692937
Touch of Evil,3.574394363692937
Indecent Proposal,3.574394363692937
Basket Case 2,3.574394363692937
Oliver Twist,3.5731731551134924
Winnetou II,3.5726643182053905
Manderlay,3.5691079798294094
Das Experiment,3.5691079798294094
Blind Date,3.5691079798294094
Gyakufunsha kazoku,3.5691079798294094
Speed 2: Cruise Control,3.56875280633231
Olga's House of Shame,3.5679982920281628
Oscenità,3.5676312397208516
The Tooth Fairy,3.5676312397208516
A Nightmare on Elm Street,3.5665431719398337
Don't Come Knocking,3.565683221700515
M,3.565549295461617
No Reservations,3.564590505071458
The Wrong Trousers,3.564112675340839
Iron Eagle III,3.561995303077447
Le dolce signore,3.561995303077447
Union Station,3.561995303077447
Along Came a Spider,3.561995303077447
Aliens vs Predator: Requiem,3.561105783371589
Una sull'altra,3.5592354112823505
Breakfast at Tiffany's,3.5581314545643123
Superman,3.557226433609951
Amsterdamned,3.557226433609951
Xizao,3.557226433609951
Casino,3.556098590923234
Under Siege 2: Dark Territory,3.554084505953451
Twin Peaks: Fire Walk with Me,3.553101918401018
Avalon,3.553049295461617
Hairspray,3.5497577454771743
The Simpsons Movie,3.5495962424619574
Tomorrow Never Dies,3.5495962424619574
香港製造,3.548788727385874
Seeing Other People,3.548788727385874
Reservation Road,3.548788727385874
Dominick and Eugene,3.548788727385874
Fighting Back,3.548788727385874
"Silent Night, Deadly Night 5: The Toy Maker",3.548788727385874
Flesh Gordon,3.548788727385874
Passed Away,3.548788727385874
À travers la forêt,3.548788727385874
Ein Augenblick Freiheit,3.548788727385874
A Dangerous Method,3.548788727385874
Young Mr. Lincoln,3.548788727385874
Portrait in Black,3.548788727385874
Shark Kill,3.548788727385874
Rekopis znaleziony w Saragossie,3.548788727385874
야수,3.548788727385874
Winnetou III,3.548788727385874
Beautiful Boxer,3.548788727385874
Before Night Falls,3.548788727385874
Moonstruck,3.548788727385874
A Christmas Carol,3.548788727385874
Éloge de l'amour,3.548788727385874
Love Jones,3.548788727385874
ต้มยำกุ้ง,3.548788727385874
Marketa Lazarová,3.548788727385874
หมานคร,3.548788727385874
Los Bastardos,3.548788727385874
Wayne's World,3.548788727385874
Atonement,3.548788727385874
Pumping Iron,3.548788727385874
1942: A Love Story,3.548788727385874
Nosferatu: Phantom der Nacht,3.548788727385874
McCinsey's Island,3.548788727385874
"Die, Mommie, Die!",3.548788727385874
Van Helsing,3.548788727385874
El baño del Papa,3.548788727385874
Presunto Culpable,3.548788727385874
Without You I'm Nothing,3.548788727385874
Excess Baggage,3.548788727385874
狂熱の季節,3.548788727385874
Nobody Knows Anything!,3.548788727385874
Mein liebster Feind,3.548788727385874
Babes in Toyland,3.548788727385874
Sayat Nova,3.548788727385874
Dracula,3.548788727385874
Lightning Strikes Twice,3.548788727385874
Fantasía... 3,3.548788727385874
Schussangst,3.548788727385874
Lua de Cristal,3.548788727385874
Monogamy,3.548788727385874
Trapped in the Closet: Chapters 1-12,3.548788727385874
Highlander,3.548788727385874
The Princess Bride,3.548788727385874
Nashville,3.548788727385874
Some Folks Call It a Sling Blade,3.548788727385874
High Wall,3.548788727385874
The Count,3.548788727385874
Jeux interdits,3.548788727385874
La Chambre verte,3.548788727385874
The Strip,3.548788727385874
In the Name of the Father,3.548788727385874
Joey,3.548788727385874
The Teacher,3.548788727385874
The Family Man,3.548788727385874
It Happened at the World's Fair,3.548788727385874
The Terminators,3.548788727385874
Garfield,3.548788727385874
Ginger,3.548788727385874
Jib,3.548788727385874
Steel,3.548788727385874
Gayniggers from Outer Space,3.548788727385874
The Naked Man,3.548788727385874
The Beautiful Country,3.548788727385874
The Year of Getting to Know Us,3.548788727385874
Something's Gotta Give,3.548788727385874
The Station Agent,3.548788727385874
How the Grinch Stole Christmas,3.548788727385874
The Visit,3.548788727385874
Tension,3.548788727385874
Kosmos,3.548788727385874
The Defender,3.548788727385874
The Road to Hong Kong,3.548788727385874
The Rookie,3.548788727385874
The Ruling Class,3.548788727385874
Breaking Up,3.548788727385874
The Care Bears Adventure in Wonderland,3.548788727385874
California Suite,3.548788727385874
"Stromboli, terra di dio",3.548788727385874
The Bride Goes Wild,3.548788727385874
Antikörper,3.548788727385874
Haunted Castle,3.548788727385874
The Walking Dead,3.548788727385874
Age of Consent,3.548788727385874
La petite voleuse,3.548788727385874
Always Outnumbered,3.548788727385874
Cutaway,3.5464964773080854
Megacities,3.5464964773080854
괴물,3.5464964773080854
Eastern Promises,3.5437613904076093
Twilight,3.5413302020516317
Erkan & Stefan in Der Tod kommt krass,3.5413302020516317
Falstaff,3.5413302020516317
Valley of the Dolls,3.540657272821561
A Canção de Lisboa,3.540657272821561
La morte ha sorriso all'assassino,3.540657272821561
Praxis Dr. Hasenbein,3.540657272821561
The Dirty Dozen,3.540657272821561
The Passion of the Christ,3.540657272821561
Close Encounters of the Third Kind,3.540657272821561
La Ley del Deseo,3.540657272821561
Enchanted,3.540657272821561
Warlords of the 21st Century,3.540657272821561
"Va, vis et deviens",3.540657272821561
Apollo 13,3.540657272821561
Heartbreak Hotel,3.540657272821561
Wild Gals of the Naked West,3.540657272821561
"Je t'aime, je t'aime",3.540657272821561
Masques,3.540657272821561
Masculin féminin,3.540657272821561
Sissi - Schicksalsjahre einer Kaiserin,3.540657272821561
The River Wild,3.540657272821561
About Schmidt,3.540657272821561
RoboCop,3.540657272821561
Fallout,3.540657272821561
Harry and the Hendersons,3.540657272821561
Mon Meilleur Ami,3.540657272821561
This Island Earth,3.540657272821561
Highlander II: The Quickening,3.540657272821561
The Woman in Red,3.540657272821561
Incognito,3.540657272821561
As Good as It Gets,3.540657272821561
Holy Lola,3.540657272821561
The Wizard of Oz,3.540657272821561
Party Monster,3.540657272821561
New York chiama Superdrago,3.540657272821561
Michael Clayton,3.540657272821561
The Great Global Warming Swindle,3.540657272821561
Twister,3.540657272821561
Les Barbouzes,3.540657272821561
Children of the Corn: Revelation,3.540657272821561
Cool Runnings,3.540657272821561
Im Juli,3.540657272821561
"Planes, Trains and Automobiles",3.540657272821561
"Tomorrow, When the War Began",3.540657272821561
Little Caesar,3.540657272821561
Scoop,3.540657272821561
Far Cry,3.540657272821561
Fanny och Alexander,3.540657272821561
La vie moderne,3.540657272821561
Frankenstein 90,3.540657272821561
Une vraie jeune fille,3.540657272821561
Blue Thunder,3.540657272821561
Viva Zapata!,3.53915492825944
The Endless Summer,3.5378176124942358
Top of the Food Chain,3.535590686467946
La Mort en direct,3.535590686467946
Daisy Miller,3.5348490909899097
నువ్వొస్తానంటే నేనొద్దంటానా,3.5348490909899097
Le Renard et l'Enfant,3.5348490909899097
At Long Last Love,3.5348490909899097
Hot Wheels Acceleracers: Ignition,3.5348490909899097
Barfuß,3.5348490909899097
Weekend at Bernie's,3.5348490909899097
Hiroshima mon amour,3.5348490909899097
Just the Ticket,3.5348490909899097
Rosso sangue,3.5348490909899097
Me and the Colonel,3.5348490909899097
Dear Brigitte,3.5348490909899097
"In the Meantime, Darling",3.5348490909899097
The Wild Angels,3.5348490909899097
Roar,3.533815619860426
La belle et la bête,3.5333950211449383
Bonjour Tristesse,3.5304929546161707
Margaret Thatcher: The Long Walk to Finchley,3.5304929546161707
Ronja Rövardotter,3.5304929546161707
Earthling,3.5304929546161707
Natural Born Killers,3.5304929546161707
Wolke 9,3.5304929546161707
Welcome to Woop Woop,3.5304929546161707
M. Butterfly,3.5304929546161707
The Haunted,3.5304929546161707
Friends with Money,3.5304929546161707
Shopgirl,3.5304929546161707
Frankenstein and the Monster from Hell,3.5304929546161707
Shock Waves,3.5304929546161707
The Even Stevens Movie,3.5304929546161707
The Exorcism of Emily Rose,3.5304929546161707
Сталкер,3.5304929546161707
隠し砦の三悪人,3.52812812317628
36 Fillette,3.5271048485477077
"Love, Cheat & Steal",3.5271048485477077
Big,3.5271048485477077
La Fête à Henriette,3.5271048485477077
The Wearing of the Grin,3.5271048485477077
Faraon,3.5271048485477077
Maid in Manhattan,3.5271048485477077
Frankenstein Must Be Destroyed,3.5271048485477077
Faces,3.5271048485477077
The Interpreter,3.524394363692937
Rize,3.524394363692937
xXx,3.523248238654043
Dial 1119,3.5221766942663058
Double Dragon,3.52032863641078
Brazil,3.52032863641078
Ocean's Twelve,3.5185663229392445
Confessions of a Dangerous Mind,3.517424545494955
The Man Who Knew Too Much,3.517424545494955
Rain Man,3.5160591269154917
The Man Who Fell to Earth,3.5152464773080854
Total Recall,3.5152464773080854
Der Untergang,3.514349625701727
Adieu l'ami,3.514349625701727
Con Air,3.5121971818464686
Killing Zoe,3.511616363663303
Un éléphant ça trompe énormément,3.511616363663303
U-571,3.5110883471331533
Barry Lyndon,3.5107817918395563
The 40 Year Old Virgin,3.5106062450838857
Die Brücke,3.5067762121369266
Sweet Sixteen,3.5035354150279616
バトル・ロワイアル,3.503484909098991
La mala educación,3.490516430997384
Le Mépris,3.490181086193888
Les innocents aux mains sales,3.4897577454771747
"Pepi, Luci, Bom y otras chicas del montón",3.4897577454771747
"4 luni, 3 săptămîni și 2 zile",3.4878068398537794
Mr. Bean's Holiday,3.4878068398537794
Dogville,3.4876056333922847
Casablanca,3.4857746464960764
La passion de Jeanne d'Arc,3.4853330794456276
American Pie,3.4851753654299875
Persepolis,3.4829509090964015
Dragonslayer,3.482929575795291
Holy Matrimony,3.482929575795291
Am Ende Kommen Touristen,3.4817102597806695
Big Time,3.4817102597806695
Gleaming the Cube,3.481318549329036
Shaft in Africa,3.4806760559527596
The Domino Principle,3.4803033566868744
Requiem,3.4803033566868744
EVA,3.477089201119072
Leaving Las Vegas,3.476722148811761
Duck Soup,3.476722148811761
Antz,3.476722148811761
Romeo + Juliet,3.4758240669906084
Snatch,3.4756110850622375
Transformers,3.4743943636929364
Ночной дозор,3.4743943636929364
César et Rosalie,3.4743943636929364
The Last Samurai,3.472694426889769
The Godfather: Part II,3.471549292992152
Ben-Hur,3.471549292992152
Dialogue avec mon jardinier,3.471549292992152
I'll Sleep When I'm Dead,3.471549292992152
Tierra,3.471549292992152
La chinoise,3.471549292992152
Unforgettable,3.471549292992152
Working Girl,3.471549292992152
거룩한 계보,3.470920909112668
Sette orchidee macchiate di rosso,3.470920909112668
Reservoir Dogs,3.469706647368977
Dług,3.4679929546161707
L'Année dernière à Marienbad,3.4679929546161707
2:37,3.4679929546161707
Reflections in a Golden Eye,3.4679929546161707
Che: Part Two,3.4679929546161707
Return to Me,3.4679929546161707
Feast of All Saints,3.4679929546161707
Tuesdays with Morrie,3.4679929546161707
The Day the Earth Stood Still,3.4679929546161707
Tiefland,3.4679929546161707
Tom and Jerry: Shiver Me Whiskers,3.4679929546161707
The Horsemen,3.4679929546161707
The Way of the Gun,3.4671279842143203
The Wedding Planner,3.466945885182352
The Village,3.466945885182352
New York Doll,3.466866861074139
Bordertown,3.465633801678608
A Time to Kill,3.4647491193270215
American Beauty,3.464112675340839
Indiana Jones and the Last Crusade,3.4639973160442556
Préparez vos mouchoirs,3.463420519561338
Topaz,3.463420519561338
Hustle,3.463420519561338
Treasure Island,3.463420519561338
Berlin is in Germany,3.463420519561338
Mer om Oss Barn i Bullerbyn,3.463420519561338
Les aventures de Rabbi Jacob,3.463420519561338
The Bounty,3.463420519561338
The Hole,3.463420519561338
Oktyabr,3.463420519561338
Alvin and the Chipmunks,3.463420519561338
The Lady from Shanghai,3.463420519561338
Blow,3.463420519561338
Grease,3.463420519561338
Desert Hearts,3.463420519561338
パプリカ,3.463420519561338
La Vie est un long fleuve tranquille,3.463420519561338
Mouth to Mouth,3.463420519561338
A Scanner Darkly,3.463420519561338
Star Trek: First Contact,3.463420519561338
A Shot in the Dark,3.457996868718298
Det sjunde inseglet,3.457996868718298
Soul Assassin,3.457996868718298
The Hiding Place,3.4573239394882274
No Country for Old Men,3.4573239394882274
The Wedding Date,3.4573239394882274
The Beales of Grey Gardens,3.4573239394882274
Santa and the Ice Cream Bunny,3.4573239394882274
The Baby of Mâcon,3.4573239394882274
Prom Night,3.4573239394882274
The Strange Case of the End of Civilization as We Know It,3.4573239394882274
Traces of Red,3.4573239394882274
Shrek,3.4573239394882274
Bad Girls Go to Hell,3.4573239394882274
パラノーマル・アクティビティ 第2章 TOKYO NIGHT,3.4573239394882274
呪怨: 白い老女,3.4573239394882274
Ah ! Les belles bacchantes,3.4573239394882274
Bella Martha,3.4573239394882274
!Women Art Revolution,3.4573239394882274
De grønne slagtere,3.4573239394882274
Lions for Lambs,3.4573239394882274
Keoma,3.4573239394882274
Ghostbusters,3.4573239394882274
En ganske snill mann,3.4573239394882274
Dorian Blues,3.4573239394882274
Brodeuses,3.4573239394882274
Mister Roberts,3.4573239394882274
Gomorra,3.4573239394882274
Die Hard 2,3.4568269383555097
Mr. Deeds,3.4555260962899625
To Be or Not to Be,3.4519988007857307
鬼婆,3.4497577454771746
"Lock, Stock and Two Smoking Barrels",3.4497577454771746
Pufnstuf,3.4495962424619577
Mangiati vivi!,3.4487887273858737
The Two Faces of Dr. Jekyll,3.4487887273858737
Man tänker sitt,3.4487887273858737
アカルイミライ,3.4487887273858737
Ghost,3.4487887273858737
You're a Big Boy Now,3.4487887273858737
Constantine,3.4487887273858737
Blind,3.4487887273858737
Rocco e i suoi fratelli,3.4487887273858737
Chi lavora è perduto,3.4487887273858737
In Good Company,3.4487887273858737
Goodbye Bafana,3.4487887273858737
World Trade Center,3.4487887273858737
The Cider House Rules,3.4487887273858737
Long nga,3.4487887273858737
カイジ2 人生奪回ゲーム,3.4487887273858737
Perro Come Perro,3.4487887273858737
Mikey and Nicky,3.4487887273858737
Blood Ties,3.4487887273858737
The Caine Mutiny Court-Martial,3.4487887273858737
Rumor Has It...,3.4487887273858737
Run Fatboy Run,3.4487887273858737
Red Light,3.4487887273858737
Pieces of April,3.4487887273858737
Тіні забутих предків,3.4487887273858737
In the Blood,3.4487887273858737
GoodFellas,3.4487887273858737
Pretty Woman,3.4487887273858737
Diamonds Are Forever,3.4487887273858737
The Front Page,3.4487887273858737
Pony Express,3.4487887273858737
Island of Lost Souls,3.4487887273858737
The Flying Saucer,3.4487887273858737
Gray's Anatomy,3.4487887273858737
The Greatest,3.4487887273858737
Prom Night IV: Deliver Us from Evil,3.4487887273858737
Diplomatic Courier,3.4487887273858737
The Final,3.4487887273858737
Countdown,3.4487887273858737
Lone Rider,3.4487887273858737
Cabiria,3.4487887273858737
Gladiator,3.4487887273858737
Giù la testa,3.4487887273858737
Girl Shy,3.4487887273858737
อินทรีแดง,3.4487887273858737
Racing Dreams,3.4487887273858737
Solaris,3.4487887273858737
The Buccaneer,3.4487887273858737
Fear and Loathing in Las Vegas,3.4487887273858737
Viagem ao Princípio do Mundo,3.4487887273858737
Si le vent soulève les sables,3.4487887273858737
L'outremangeur,3.4487887273858737
Verfolgt,3.4487887273858737
Venom,3.4487887273858737
Appointment with Death,3.4487887273858737
Stevie,3.4487887273858737
Two Girls and a Guy,3.4487887273858737
Starship Troopers,3.4487887273858737
Two Men Went To War,3.4487887273858737
Sliver,3.4487887273858737
Snow White and the Seven Dwarfs,3.4487887273858737
Eragon,3.4487887273858737
Un été inoubliable,3.4487887273858737
Under Capricorn,3.4487887273858737
La figlia di Frankenstein,3.4487887273858737
Exit,3.4487887273858737
La hora fría,3.4487887273858737
Under Suspicion,3.4487887273858737
La rupture,3.4487887273858737
Fados,3.4487887273858737
Underworld: Evolution,3.4487887273858737
Sous les toits de Paris,3.4487887273858737
Fall of the Republic: The Presidency of Barack H. Obama,3.4487887273858737
Annie Hall,3.4487887273858737
964 Pinocchio,3.4487887273858737
Tibet: Cry of the Snow Lion,3.4487887273858737
The 51st State,3.4487887273858737
Salvador (Puig Antich),3.4487887273858737
Import/Export,3.4487887273858737
Where the Spies Are,3.4487887273858737
What Lies Beneath,3.4487887273858737
El espinazo del diablo,3.4487887273858737
King of California,3.4487887273858737
Blue Like Jazz,3.4487887273858737
Ana y los otros,3.4487887273858737
Life,3.4487887273858737
To Kill a Priest,3.4487887273858737
Scorcher,3.4487887273858737
Liberi armati pericolosi,3.4487887273858737
Le temps qui reste,3.4487887273858737
Fire Birds,3.4487887273858737
Wasted on the Young,3.4487887273858737
Semi-Tough,3.4487887273858737
Traitement de choc,3.4487887273858737
Cléo de cinq à sept,3.4487887273858737
Waiting for Armageddon,3.4487887273858737
Trancers,3.4487887273858737
Austin Powers: International Man of Mystery,3.4487887273858737
En la cama,3.4487887273858737
Shekvarebuli kulinaris ataserti retsepti,3.4487887273858737
Take Out,3.4487887273858737
The Hitchhiker's Guide to the Galaxy,3.4487887273858737
Fantasia,3.4487887273858737
Dead Man's Folly,3.4487887273858737
"Hello, Frisco, Hello",3.4487887273858737
The Pretender 2001,3.4487887273858737
Only Angels Have Wings,3.4487887273858737
Alamar,3.4487887273858737
About a Boy,3.4487887273858737
Panic in the Streets,3.4487887273858737
Novecento,3.4487887273858737
豚と軍艦,3.4487887273858737
Beowulf & Grendel,3.4487887273858737
Carancho,3.4487887273858737
"Moi, Van Gogh",3.4487887273858737
Hearts of Darkness: A Filmmaker's Apocalypse,3.4487887273858737
Murder by Death,3.4487887273858737
Adrenalin: Fear the Rush,3.4487887273858737
The Meaning of Life,3.4487887273858737
Identity,3.4487887273858737
Hornblower: Loyalty,3.4487887273858737
David Copperfield,3.4487887273858737
鷹爪鐵布衫,3.4487887273858737
千と千尋の神隠し,3.4487887273858737
Abel,3.4487887273858737
The Legend of the 7 Golden Vampires,3.4487887273858737
Bez Konca,3.4487887273858737
Dante's Hell Animated,3.4487887273858737
Moonraker,3.4487887273858737
2046,3.4487887273858737
The Matrix,3.4487887273858737
Mimic,3.4487887273858737
Moonshine County Express,3.4487887273858737
Alice's Restaurant,3.4487887273858737
Il ladro di bambini,3.4487887273858737
The Mummy,3.4487887273858737
修羅雪姫,3.4487887273858737
Paranoid Park,3.4487887273858737
"Mother, Jugs & Speed",3.4487887273858737
A2,3.4487887273858737
Harold and Maude,3.4487887273858737
Beröringen,3.4487887273858737
Back to the Future Part II,3.4468763262803384
Mulholland Drive,3.445995974066383
Deconstructing Harry,3.445995974066383
Sommersturm,3.445732393948823
Out of Time,3.445388853779538
Night on Earth,3.4451804155898036
Efter brylluppet,3.442906528951335
Saw IV,3.440187792234732
Heathers,3.4397967548978396
Fried Green Tomatoes,3.436995303077447
Born into Brothels,3.436995303077447
誰も知らない,3.436995303077447
Music Box,3.436995303077447
"Bell, Book and Candle",3.4363380277445654
Psycho,3.4321235940847235
Robinson Crusoe on Mars,3.431267603357215
The Spy Who Loved Me,3.431267603357215
The Hi-Lo Country,3.431267603357215
Barocco,3.431267603357215
The Lovely Bones,3.431267603357215
The Pianist,3.43021909094052
แสงศตวรรษ,3.43021909094052
Dreamgirls,3.429498238654043
Que la bête meure,3.4261143315840803
No mires para abajo,3.4245070418560215
Rising Sun,3.4243943636929366
The Rink,3.4243943636929366
Gattaca,3.4243943636929366
Fin,3.4243943636929366
Amores perros,3.4243943636929366
The Curse of the Were-Rabbit,3.4243943636929366
Down by Law,3.4243943636929366
The Boys from County Clare,3.423649723344755
La Môme,3.418752514765316
Hidalgo,3.416511375305881
Brothers,3.41644235692331
"Farewell, My Lovely",3.41644235692331
Il castello delle donne maledette,3.416378268425208
Underground,3.4162629091286245
Saving Grace,3.4162629091286245
Halloweentown,3.4159937374365965
Highlander III: The Sorcerer,3.4159937374365965
Big Trouble in Little China,3.4159937374365965
Hook,3.4159937374365965
The Living Daylights,3.41144528672199
Pink Floyd: Live at Pompeii,3.4102816883520974
Joe Versus the Volcano,3.4097577454771746
Ariel,3.407603095828193
Carla's Song,3.4075759808910195
Wasabi,3.4075759808910195
Vivement dimanche!,3.406743992880968
Hitman,3.4059976515387236
The War of the Roses,3.4059976515387236
I Kina spiser de hunde,3.4054929546161707
Sang Pemimpi,3.4054929546161707
Freddy vs. Jason,3.4054929546161707
La Pianiste,3.4054929546161707
City Slickers,3.4054929546161707
Heavenly Creatures,3.4054929546161707
I Still Know What You Did Last Summer,3.4054929546161707
Power,3.4054929546161707
Lady in the Lake,3.4054929546161707
Maradona by Kusturica,3.4054929546161707
Trainspotting,3.4033802797637978
The Redeemer: Son of Satan!,3.4024413131627425
The Conversation,3.401219718184647
Live and Let Die,3.401115842146739
The Contract,3.398248238654043
Dead Poets Society,3.398248238654043
Тегеран-43,3.398248238654043
House of 1000 Corpses,3.3974519834967896
Romeo Must Die,3.3943098585984304
Stuck on You,3.393997832189591
リング,3.3932932887783727
China Seas,3.391991948132767
Monterey Pop,3.391991948132767
"A Man, a Woman and a Bank",3.391991948132767
올드보이,3.391991948132767
The General's Daughter,3.391991948132767
Die Geschichte vom weinenden Kamel,3.391991948132767
Vivere,3.391991948132767
American Grindhouse,3.391991948132767
Club Paradise,3.391991948132767
Devo: The Complete Truth About De-Evolution,3.391991948132767
Zombi Holocaust,3.391991948132767
Mission: Impossible III,3.391991948132767
James Dean,3.391464787897646
Ludwig,3.3902464773080854
Taxi 3,3.3871971818464686
Harley Davidson and the Marlboro Man,3.38581305790267
The Miracle Worker,3.38581305790267
Legionnaire,3.38581305790267
The Heart of the World,3.382929575795291
怪獣総進撃,3.381776212136927
Der Schuh des Manitu,3.3812601914173355
The Terminator,3.3812601914173355
Before Sunrise,3.3812601914173355
The Matrix Revolutions,3.3801714624751895
Underworld,3.3780498368443426
Pirates of the Caribbean: The Curse of the Black Pearl,3.3748558008792706
David,3.374724710769517
Catch Me If You Can,3.374724710769517
Le genou de Claire,3.374567402637812
Dracula vs. Frankenstein,3.374567402637812
Reindeer Games,3.374567402637812
The Blood of Fu Manchu,3.3743943636929368
Halbe Treppe,3.374120427093486
De ofrivilliga,3.3739906061548943
The Mechanik,3.3739906061548943
Many Rivers to Cross,3.3739906061548943
The Keep,3.3739906061548943
A Mighty Heart,3.3739906061548943
Christine,3.3739906061548943
Dead Man Walking,3.3739906061548943
Zozo,3.3739906061548943
Layer Cake,3.3739906061548943
The 11th Hour,3.3739906061548943
Trading Places,3.3739906061548943
Laws of Gravity,3.3739906061548943
Gold Diggers in Paris,3.3739906061548943
Becoming Jane,3.3739906061548943
The Prime of Miss Jean Brodie,3.3739906061548943
Premium Rush,3.3739906061548943
Kukushka,3.3739906061548943
Les Mariés de l'an deux,3.3739906061548943
L'argent de poche,3.3739906061548943
Desperately Seeking Susan,3.3739906061548943
Tarzan and the Amazons,3.3739906061548943
The Gold Rush,3.3739906061548943
Vacas,3.3739906061548943
Green Fire,3.3739906061548943
Trick,3.3739906061548943
Sweet Smell of Success,3.3739906061548943
The Maltese Falcon,3.3739906061548943
Before Stonewall,3.3739906061548943
Trouble Every Day,3.3739906061548943
Berkeley Square,3.3739906061548943
La Guerre Des Boutons,3.3739906061548943
There's Only One Jimmy Grimble,3.3739906061548943
East of Eden,3.3739906061548943
Cube Zero,3.3739906061548943
Saw III,3.3739906061548943
From Noon Till Three,3.3739906061548943
Frankie and Johnny,3.3739906061548943
Robin Hood: Prince of Thieves,3.3739906061548943
Whale Rider,3.372700765560164
Gandhi,3.37252723843263
Tuya de hun shi,3.3710285950584655
Muriel's Wedding,3.3709991193270215
Meet the Parents,3.3696654924360283
Felidae,3.3687592208061607
7 vírgenes,3.3678873232480377
巴尔扎克与小裁缝,3.367290802172315
What's Eating Gilbert Grape,3.3658551298903348
Begotten,3.364918741302259
Milano Rovente,3.3621971818464687
Blackmail,3.3614989935165958
Perfume: The Story of a Murderer,3.360438181881041
봄 여름 가을 겨울 그리고 봄,3.360438181881041
Bull Durham,3.360438181881041
Les Enfants du Paradis,3.360438181881041
"Wood & Stock: Sexo, Orégano e Rock'n'Roll",3.360438181881041
Mega Python vs. Gatoroid,3.360438181881041
Hostage,3.360438181881041
Monster,3.360438181881041
When Harry Met Sally...,3.360438181881041
Buck Rogers in the 25th Century,3.360438181881041
座頭市関所破り,3.3596083813885214
Little Buddha,3.3589964773080854
Geheimnisse einer Seele,3.3589964773080854
Der Himmel über Berlin,3.3581314545643126
Jurassic Park,3.3579995223468595
¡Átame!,3.355536293728053
Popiól i diament,3.3536619697441137
Last Days,3.3536619697441137
The Saint In London,3.3536619697441137
Pitch Black,3.3536619697441137
Jakob the Liar,3.3536619697441137
Double Indemnity,3.3536619697441137
One Million Years B.C.,3.351997438042244
Big Bad Mama,3.3497577454771745
Duel,3.3495962424619576
Fight Club,3.3495962424619576
Le Fantôme de la liberté,3.3487887273858736
Dangerous Beauty,3.3487887273858736
Nippon Sengoshi - Madamu onboro no Seikatsu,3.3487887273858736
Ninja Academy,3.3487887273858736
My Super Psycho Sweet 16: Part 2,3.3487887273858736
Le fil,3.3487887273858736
Asylum,3.3487887273858736
La montaña rusa,3.3487887273858736
The Selling,3.3487887273858736
Trollflöjten,3.3487887273858736
Basket Case 3,3.3487887273858736
I racconti di Canterbury,3.3487887273858736
The Eleventh Victim,3.3487887273858736
Punishment Park,3.3487887273858736
Maurice,3.3487887273858736
Idol of the Crowds,3.3487887273858736
Jack,3.3487887273858736
Die freudlose Gasse,3.3487887273858736
Mississippi Burning,3.3487887273858736
Outbreak,3.3487887273858736
Intruder in the Dust,3.3487887273858736
Interkosmos,3.3487887273858736
L'Atalante,3.3487887273858736
Insiang,3.3487887273858736
The Ice Harvest,3.3487887273858736
Along Came Polly,3.3487887273858736
The Hustler,3.3487887273858736
ビジターQ,3.3487887273858736
The Shadow,3.3487887273858736
Canvas,3.3487887273858736
るろうに剣心 -明治剣客浪漫譚-,3.3487887273858736
Alive,3.3487887273858736
Beauty Is Embarrassing,3.3487887273858736
Mahakaal,3.3487887273858736
Casper,3.3487887273858736
White of the Eye,3.3487887273858736
DragonHeart,3.3487887273858736
T.N.T.,3.3487887273858736
Taking Woodstock,3.3487887273858736
Bowling for Columbine,3.3487887273858736
Les Femmes de l'ombre,3.3487887273858736
Train de vie,3.3487887273858736
Scream 2,3.3487887273858736
Torch Song Trilogy,3.3487887273858736
How to Cook Your Life,3.3487887273858736
Brødre,3.3487887273858736
Timecop,3.3487887273858736
King Cobra,3.3487887273858736
The English Patient,3.3487887273858736
Wild Bill,3.3487887273858736
Rånarna,3.3487887273858736
Cold Steel,3.3487887273858736
Baciami Ancora,3.3487887273858736
The Road to Guantanamo,3.3487887273858736
Amos & Andrew,3.3487887273858736
The Collector,3.3487887273858736
From a Place of Darkness,3.3487887273858736
The Contender,3.3487887273858736
À nos amours,3.346885757607187
Yankee Doodle Dandy,3.345410106968511
Pacific Heights,3.344949696996636
Payback,3.344949696996636
High Noon,3.3445400327651296
Absolute Giganten,3.3429929546161707
Cowboy,3.3429929546161707
Olympia - Fest der Schönheit,3.3429929546161707
Schloß Vogeloed,3.3429929546161707
The African Queen,3.3429929546161707
A Guide for the Married Man,3.3429929546161707
Mean Streets,3.342368282849236
Shaft's Big Score!,3.342368282849236
Taxi 4,3.3414647878976456
The Devil Wears Prada,3.3411343734720185
Sunrise: A Song of Two Humans,3.3388531169235263
Lolita,3.3387361004859124
文雀,3.3378790374664327
Let's Get Harry,3.3378790374664327
Bollywood/Hollywood,3.3378508080912845
...Più forte ragazzi!,3.3377615692674367
Madame Bovary,3.335748238654043
Don't Make Waves,3.3342643811678236
Big Fish,3.3326457202840722
Rocky V,3.3317921316711963
My Own Private Idaho,3.3309173955926856
Minority Report,3.3279988257693613
Raising Arizona,3.3277464773080854
Cop Land,3.3277464773080854
Fantastic Voyage,3.327236753260223
Finding Forrester,3.3264572028407207
Training Day,3.3264572028407207
The Fifth Element,3.324798121230979
28 Days Later,3.324798121230979
The Treasure of the Sierra Madre,3.324394363692937
Scream 3,3.324394363692937
Tropa de Elite,3.324394363692937
Batoru rowaiaru II: Chinkonka,3.324394363692937
The Horror of Frankenstein,3.324394363692937
Pirates of the Caribbean: On Stranger Tides,3.324394363692937
The Nomi Song,3.3238497643307174
Malcolm X,3.321255532483696
Per un pugno di dollari,3.3205633767041953
Hallam Foe,3.3205633767041953
C'era una volta il West,3.3205633767041953
One in the Chamber,3.3205633767041953
Open Water,3.3205633767041953
Ziemia obiecana,3.3205633767041953
50 First Dates,3.3205633767041953
Jaws: The Revenge,3.3205633767041953
House of Frankenstein,3.3205633767041953
Lethal Weapon 4,3.3205633767041953
Supergator,3.3205633767041953
Geppo il folle,3.3205633767041953
The Astronaut's Wife,3.3205633767041953
Moulin Rouge!,3.3205633767041953
Code 46,3.3205633767041953
Schindler's List,3.3205633767041953
Up!,3.3205633767041953
Dark Blue,3.3205633767041953
Vares – Huhtikuun tytöt,3.3205633767041953
Critters,3.3191079798294094
Pünktchen und Anton,3.318598590923234
Dave Chappelle's Block Party,3.3179293301485036
Beavis and Butt-Head Do America,3.316262909128624
Italiensk for begyndere,3.315923464847724
밀양,3.314954071170842
Color of Night,3.3139472727417787
The Third Man,3.3123990606154896
Juste une question d'amour,3.3123623553847583
Boyz n the Hood,3.311995303077447
Hellboy,3.311995303077447
Ghostbusters II,3.311995303077447
Ot 180 i Vyshe,3.311995303077447
Miller's Crossing,3.3097577454771745
風の谷のナウシカ,3.3065428925876987
A Close Shave,3.3065428925876987
At Risk,3.3065428925876987
Captain Corelli's Mandolin,3.306489502583573
Return of the Jedi,3.305331245812199
An Ideal Husband,3.3048826263254854
Lekarstwo na miłość,3.3048826263254854
Shooting War,3.3048826263254854
Gycklarnas afton,3.3048826263254854
Red Planet,3.3048826263254854
Lola rennt,3.3035096289482584
Rambo III,3.303484909098991
Blade Runner,3.3031388312092407
L.A. Story,3.3031388312092407
Inspector Gadget,3.3031388312092407
Breaking the Waves,3.303062630572965
Roustabout,3.2984428788035935
The Great Outdoors,3.298119802854571
Indestructible Man,3.296748825769362
"Good Morning, Vietnam",3.2964964773080854
Shiza,3.294903966993579
Octopussy,3.294903966993579
9 Songs,3.294903966993579
No Good Deed,3.294903966993579
Jay and Silent Bob Strike Back,3.2937533971391115
Trouble in Paradise,3.2913302020516317
The Piano Player,3.290657272821561
Lifeguard,3.290657272821561
Joyride,3.290657272821561
Memory Lane,3.290657272821561
Khadak,3.290657272821561
The Sand Pebbles,3.290657272821561
Wild Wild West,3.290657272821561
Nome Próprio,3.290657272821561
2061 - Un anno eccezionale,3.290657272821561
Monster High,3.290657272821561
Scooby-Doo! and the Reluctant Werewolf,3.290657272821561
Une Femme est une femme,3.290657272821561
Shaun of the Dead,3.290657272821561
Fase 7,3.290657272821561
A Guide To Recognizing Your Saints,3.290657272821561
Blood Diamond,3.2890969340574383
Shortbus,3.288873238654043
Breakdown,3.287995664379182
Bill & Ted's Excellent Adventure,3.287995664379182
Four Rooms,3.2873990606154893
A Kiss Before Dying,3.2842739185148058
National Treasure,3.2838156198604262
Eye of the Devil,3.2829295757952908
Parenthood,3.281649898998879
La Boum,3.2804929546161707
Casper's Haunted Christmas,3.2804929546161707
Lola,3.2804929546161707
A Few Good Men,3.2804929546161707
Official Rejection,3.2804929546161707
The Manchurian Candidate,3.2804929546161707
Jean de Florette,3.2804929546161707
Little Children,3.2804929546161707
When Saturday Comes,3.2803235626612075
Van Gogh,3.278398389626553
Stellet Licht,3.277999424866626
The Hunchback of Notre Dame,3.2765694156046203
The Hucksters,3.274394363692937
Final Analysis,3.2714758103012773
Stranger Than Paradise,3.27032863641078
Spanglish,3.2680717024896246
"Me, Myself & Irene",3.267424545494955
La révolution française,3.267424545494955
Cleopatra Jones and the Casino of Gold,3.265933665707399
Vertigo,3.2652464773080854
Guter Junge,3.2601643182053905
Ghost Dog: The Way of the Samurai,3.254878872738588
Belle Époque,3.2538116193270215
Fahrenheit 9/11,3.2532965356341808
Don Juan DeMarco,3.2498812477829286
Les Choristes,3.249736679866494
Auf der anderen Seite,3.2496812440489142
Scorpio,3.2496812440489142
Pocketful of Miracles,3.249643743348786
Hoosiers,3.2495962424619576
Marnie,3.2495341259176436
Caché,3.2495341259176436
La Jetée,3.2495341259176436
Så som i himmelen,3.2495341259176436
Basic Instinct 2,3.2494494215390333
The Horse Whisperer,3.2493270707699295
King Kong,3.2493270707699295
The Godfather,3.2493270707699295
The Shawshank Redemption,3.2493270707699295
The Sum of All Fears,3.2491348052756237
Angustia,3.2491348052756237
Ronin,3.2491348052756237
Billy Budd,3.2491348052756237
Swimming to Cambodia,3.2491348052756237
Teenage Mutant Ninja Turtles II: The Secret of the Ooze,3.2491348052756237
All About Eve,3.2491348052756237
Grande école,3.2491348052756237
Silly Little Game,3.2491348052756237
Sin City,3.2491348052756237
La raison du plus faible,3.2491348052756237
The Last Emperor,3.2487887273858735
11'09''01 - September 11,3.2487887273858735
となりのトトロ,3.2487887273858735
Le Voyage dans la Lune,3.2487887273858735
"Szerelmem, Elektra",3.2487887273858735
The Empire Strikes Back,3.2487887273858735
Piranha 3DD,3.2487887273858735
Pink Flamingos,3.2487887273858735
The Hunting Party,3.2487887273858735
Field of Dreams,3.2487887273858735
Amelia,3.2487887273858735
Un chien andalou,3.2487887273858735
L'Esquive,3.2487887273858735
Der blaue Engel,3.2487887273858735
The Great Los Angeles Earthquake,3.2487887273858735
3 Ninjas: High Noon at Mega Mountain,3.2487887273858735
I'll Always Know What You Did Last Summer,3.2487887273858735
Deux hommes dans la ville,3.2487887273858735
How to Steal a Million,3.2487887273858735
Calmos,3.2487887273858735
Momentum,3.2487887273858735
Le Charme discret de la bourgeoisie,3.2487887273858735
Le beau Serge,3.2487887273858735
Человек с киноаппаратом,3.2487887273858735
Rendition,3.2487887273858735
The Docks of New York,3.2487887273858735
Souls at Sea,3.2487887273858735
Lorenzo's Oil,3.2487887273858735
From Dusk Till Dawn,3.2487887273858735
The Wrong Guys,3.2487887273858735
Teorema,3.2487887273858735
Buio Omega,3.2487887273858735
Flesh,3.2487887273858735
Thirteen at Dinner,3.2487887273858735
My Blueberry Nights,3.2487887273858735
Beyond Tomorrow,3.2487887273858735
Uomini contro,3.2487887273858735
Dr. Who and the Daleks,3.2487887273858735
Titan A.E.,3.2487887273858735
Damnation Alley,3.2487887273858735
Navajo Joe,3.2487887273858735
The Blob,3.2487887273858735
친절한 금자씨,3.2487887273858735
Nattevagten,3.2487887273858735
El laberinto del fauno,3.2487887273858735
The Bank Job,3.2487887273858735
The Mountain Road,3.2487887273858735
La passante du Sans-Souci,3.2487887273858735
Looking for Lenny,3.2487887273858735
The Hire: Beat the Devil,3.2487887273858735
The Day After,3.2487887273858735
Malice,3.2487887273858735
The Diary of Anne Frank,3.2487887273858735
The Devil's Rejects,3.2487887273858735
Retroactive,3.2487887273858735
赤ひげ,3.2487887273858735
"Amico, stammi lontano almeno un palmo",3.2408551298903348
Notorious,3.2408551298903348
해안선,3.240151678343437
Bandido!,3.239330984872057
The Outsiders,3.2371971818464687
My Tutor,3.23356399210716
Titanic,3.233539641487931
We Own the Night,3.2335072727365475
Carry On Cleo,3.2317102597806695
Young Adam,3.2301037799191943
Les demoiselles de Rochefort,3.227997549431712
Le scaphandre et le papillon,3.226373238654043
A Hard Day's Night,3.2243943636929364
Rio Sex Comedy,3.2243943636929364
Kurukshetra,3.2243943636929364
The Addams Family,3.2243943636929364
Fantômas contre Scotland Yard,3.2243943636929364
Days of Thunder,3.2243943636929364
Jurassic Park III,3.2243943636929364
The Untouchables,3.2243943636929364
七人の侍,3.2243943636929364
Blondie Has Servant Trouble,3.2243943636929364
Il medaglione insanguinato,3.22336545457523
City of Hope,3.22336545457523
Mala Noche,3.2202319786429037
Barking Water,3.2202319786429037
El espíritu de la colmena,3.2179929546161707
Friday the 13th,3.2179929546161707
The Brasher Doubloon,3.2179929546161707
Amadeus,3.2179929546161707
Daydream Believers: The Monkees Story,3.2179929546161707
Arena,3.2179929546161707
Ben X,3.217546568933205
El viento se llevó lo qué,3.2121971818464683
The Dark Knight,3.211072587456105
House of Dracula,3.210665561508419
Get Carter,3.2099192484923917
A Tale of Two Cities,3.2081314545643123
Poltergeist,3.2079968687182987
"Der Golem, wie er in die Welt kam",3.2073239394882274
Stage Fright,3.2073239394882274
The Monkey Hustle,3.2073239394882274
Pas si méchant que ça,3.2073239394882274
The Phantom of the Opera,3.2073239394882274
Vaya con Dios,3.2073239394882274
The Astronaut Farmer,3.2073239394882274
Pierrot le fou,3.2073239394882274
L'âge d'or,3.2073239394882274
Scary Movie 2,3.2073239394882274
Thumbsucker,3.2073239394882274
Sabretooth,3.2073239394882274
Blondie on a Budget,3.2073239394882274
Rock 'n' Roll Frankenstein,3.2073239394882274
Shamus,3.2073239394882274
Julie,3.2073239394882274
And the Band Played On,3.2073239394882274
The War of the Worlds,3.2073239394882274
The Defector,3.2073239394882274
"Sherlock, Jr.",3.2073239394882274
Rambo: First Blood Part II,3.2073239394882274
Die goldene Gans,3.2073239394882274
Чёрная Молния,3.2073239394882274
Fort Saganne,3.2073239394882274
Alles auf Zucker!,3.2073239394882274
Pillow Talk,3.2073239394882274
The French Connection,3.2039948760844883
Bird on a Wire,3.2039948760844883
Sneakers,3.2039948760844883
Teenage Mutant Ninja Turtles,3.2039948760844883
Anatomie de l'enfer,3.2008616399397916
Czlowiek z zelaza,3.2007847078023097
Pleasantville,3.197670800551185
The Departed,3.197049665101546
Kurz und schmerzlos,3.195995974066383
Je ne suis pas là pour être aimé,3.195995974066383
Klute,3.1943483116972917
The Wilby Conspiracy,3.193771515214374
The Ladykillers,3.193771515214374
Affair in Havana,3.193771515214374
Armageddon,3.193236532339478
L'Aile ou la Cuisse,3.1929065289513354
The Last Castle,3.1918561363737386
Forbidden Planet,3.1914647878976456
To Catch a Thief,3.189210413240284
Everything is Illuminated,3.186995303077447
Brief Encounter,3.186995303077447
Adventures Of A Taxi Driver,3.186995303077447
Varjoja paratiisissa,3.186411803760784
Das weisse Rauschen,3.1852885044170764
Short Circuit,3.183198747487319
The Perfect Storm,3.1824593706511295
Modern Times,3.1810985909232343
Magnolia,3.180219090940521
Star Wars: Episode III - Revenge of the Sith,3.180219090940521
Bring It On,3.17828303032997
Borat: Cultural Learnings of America for Make Benefit Glorious Nation of Kazakhstan,3.1777062338470525
Chocolat,3.1777062338470525
The Silence of the Lambs,3.1777062338470525
Angel Baby,3.1777062338470525
To End All Wars,3.1777062338470525
Krabat,3.1777062338470525
Casanova '70,3.1777062338470525
Foodfight!,3.1777062338470525
De Aanslag,3.1777062338470525
Vice Squad,3.1777062338470525
Chances Are,3.1777062338470525
American Pie Presents: The Naked Mile,3.1777062338470525
Beloved Enemy,3.1777062338470525
Sleuth,3.1777062338470525
In the Bedroom,3.1777062338470525
Airplane!,3.1777062338470525
ฟ้าทะลายโจร,3.1757016161825695
Hero at Large,3.1743943636929366
羅生門,3.1726110489945665
Sommer vorm Balkon,3.1719992680120694
Infinity,3.1714964773080854
Pane e Tulipani,3.171184141424618
Le beau mariage,3.170733875627862
A View to a Kill,3.169159472159012
"Nachts, wenn Dracula erwacht",3.1632286014203603
Kafka,3.161408449231139
Sleepy Hollow,3.1602816883520974
Takva,3.1602816883520974
Last Woman on Earth,3.1585403306299424
Ascenseur pour l'échafaud,3.1560985909232344
Todo sobre mi madre,3.1554929546161707
Contraband,3.1554929546161707
Westworld,3.1554929546161707
Frankenstein Meets the Wolf Man,3.1554929546161707
Wild at Heart,3.1554929546161707
Dust Devil,3.1554929546161707
Dark Star,3.1554929546161707
Executive Decision,3.1554929546161707
The Truth About Cats & Dogs,3.1554929546161707
Cube 2: Hypercube,3.1554929546161707
Insomnia,3.1554929546161707
Planet of the Apes,3.1554929546161707
Millennium,3.1554929546161707
Ae Fond Kiss...,3.1554929546161707
Jekyll and Hyde ... Together Again,3.1554929546161707
Bill Burr: Let It Go,3.1554929546161707
Big Trouble,3.1554929546161707
Shrek 2,3.1554929546161707
Star Trek IV: The Voyage Home,3.1541264603601995
88 Minutes,3.1541264603601995
The Life Aquatic with Steve Zissou,3.1495962424619575
Back to the Future,3.148921993017873
Catching Hell,3.148788727385874
Nuit #1,3.148788727385874
Parade,3.148788727385874
Il Divo,3.148788727385874
Tom Horn,3.148788727385874
Legally Blonde,3.148788727385874
The Lonedale Operator,3.148788727385874
The Punk Rock Movie,3.148788727385874
Kissin' Cousins,3.148788727385874
Cidade dos Homens,3.148788727385874
La nave bianca,3.148788727385874
The Queen,3.148788727385874
Het dak van de Walvis,3.148788727385874
Giliap,3.148788727385874
Mammy,3.148788727385874
Three Kings,3.148788727385874
Clair de femme,3.148788727385874
Repeaters,3.148788727385874
The Cincinnati Kid,3.148788727385874
Big Girls Don't Cry... They Get Even,3.1474519834967896
Birthday Girl,3.14532863641078
Le Gendarme à New York,3.14532863641078
"The Adventures of Priscilla, Queen of the Desert",3.143997832189591
Cyberjack,3.141041027692581
The Lord of the Rings: The Return of the King,3.141041027692581
"Nosferatu, eine Symphonie des Grauens",3.1400597520746873
Jack & Sarah,3.1395277540273345
The Time Machine,3.139306608402488
Drop Zone,3.138215959658819
Things We Lost in the Fire,3.138215959658819
Jedné noci v jednom městě,3.138215959658819
Charlie and the Chocolate Factory,3.138215959658819
Fargo,3.138215959658819
"Martha – Meet Frank, Daniel and Laurence",3.1341471043875813
Almost Famous,3.1334786799579364
Wag the Dog,3.1258943130596193
Payment Deferred,3.1246635353849648
Death Proof,3.124567402637812
Sonnenallee,3.1243943636929368
Twelve Monkeys,3.1243943636929368
Azuloscurocasinegro,3.1243943636929368
Fame,3.1243943636929368
The Revenge of Frankenstein,3.1243943636929368
Hidden Assassin,3.1239906061548943
Crumb,3.1239906061548943
Bis zum Ellenbogen,3.1239906061548943
La Collectionneuse,3.1239906061548943
Veerana,3.1239906061548943
Budrus,3.1239906061548943
蜘蛛巣城,3.1239906061548943
Waqt: The Race Against Time,3.1239906061548943
Десять негритят,3.1239906061548943
Elephant,3.1239906061548943
Ellen DeGeneres: The Beginning,3.1239906061548943
Satanás,3.1239906061548943
Germania anno zero,3.1239906061548943
Dixie Chicks: Shut Up and Sing,3.1239906061548943
続宮本武蔵　一乗寺の決闘,3.1239906061548943
Emma,3.1239906061548943
Syriana,3.1218761952896874
"Clean, Shaven",3.1216395804340866
Will Penny,3.1216308373280177
A Clockwork Orange,3.120225883367258
War of the Worlds,3.119301897257799
綠草地,3.118102296680493
"Monsters, Inc.",3.1165320808206527
Revolutionary Road,3.1147011793764694
Houseboat,3.1138815240724904
Mary Poppins,3.113085785175397
The Legend of Bagger Vance,3.1089964773080854
Mrs. Doubtfire,3.10755477273513
Bloodline,3.1062776624184814
The Last Hurrah,3.1062776624184814
Jésus de Montréal,3.1062776624184814
Prince Valiant,3.1062776624184814
Willy Wonka & the Chocolate Factory,3.1054209697095416
American Pie 2,3.1044353388532615
The Rolling Stones: Gimme Shelter,3.1036619697441137
Or,3.1031292094984644
Knallhart,3.1022176694266306
Kill Bill: Vol. 1,3.0985248325507726
Shaft,3.096885757607187
The Omen,3.09568797207149
Dans ma peau,3.09568797207149
"S-21, la machine de mort Khmère rouge",3.09568797207149
Rocky III,3.093018502684889
Umberto D.,3.0929929546161707
5 Days of War,3.0929929546161707
Vampyr - Der Traum des Allan Grey,3.0929929546161707
Die Perlmutterfarbe,3.0929929546161707
The Aviator,3.0897577454771747
Orphée,3.082929575795291
The Bible: In the Beginning...,3.0826604041032635
Viaggio in Italia,3.0826604041032635
Hang 'em High,3.0826604041032635
Hostel,3.0764070129985583
Greed,3.074878872738587
An Angel at My Table,3.074394363692937
Manta - Der Film,3.074394363692937
Tillsammans,3.074394363692937
纵横四海,3.074394363692937
Out of Africa,3.074394363692937
김복남 살인사건의 전말,3.074394363692937
Halloween,3.0741606388359286
5x2,3.0731731551134915
The Nativity Story,3.0731731551134915
Yesterday,3.0731714420160237
Dont Look Back,3.0723852786106245
Angst essen Seele auf,3.0705205138462905
Primal Fear,3.0676312397208516
Atlantis: Milo's Return,3.0676312397208516
Night at the Museum,3.0676312397208516
Beste Zeit,3.0676312397208516
Love Is the Devil: Study for a Portrait of Francis Bacon,3.0669254545592533
The Fortune Cookie,3.065470717733124
Some Like It Hot,3.065470717733124
The Mummy: Tomb of the Dragon Emperor,3.065470717733124
Le salaire de la peur,3.064112675340839
Million Dollar Baby,3.0623835314794112
All the King's Men,3.0623317676924824
Hell's Hinges,3.061995303077447
Qui a tué Bambi ?,3.0619140481788834
Ed Wood,3.0572264336099515
El orfanato,3.0534272294506994
The Shining,3.0531388312092407
Escape from the Planet of the Apes,3.0497577454771747
L'Enfant sauvage,3.049596242461958
Kiss Kiss Bang Bang,3.048788727385874
I Know Who Killed Me,3.048788727385874
Groundhog Day,3.048788727385874
Hercules in New York,3.048788727385874
Mr. Brooks,3.048788727385874
Angels and Insects,3.048788727385874
Schtonk!,3.048788727385874
The Philadelphia Story,3.048788727385874
Wild West Comedy Show: 30 Days & 30 Nights - Hollywood to the Heartland,3.048788727385874
White Lightning,3.048788727385874
Helen,3.048788727385874
"Es ist nicht leicht, ein Gott zu sein",3.048788727385874
Wild Things,3.048788727385874
Live Free or Die Hard,3.048788727385874
Carolina,3.048788727385874
Flesh for Frankenstein,3.048788727385874
The Kindred,3.048788727385874
Toomorrow,3.048788727385874
Jonny Vang,3.048788727385874
Babel,3.048788727385874
The Lost Missile,3.048788727385874
Canicule,3.048788727385874
はなび,3.048788727385874
La dolce vita,3.048788727385874
Space Chimps 2: Zartog Strikes Back,3.048788727385874
Mītobōru mashin,3.048788727385874
The Devil's Own,3.048788727385874
Beverly Hills Cop II,3.048788727385874
The Darjeeling Limited,3.048788727385874
Ladyhawke,3.048788727385874
Doom,3.048788727385874
Himmelfall,3.048788727385874
Crash,3.048788727385874
Son of Lassie,3.048788727385874
The Other Side of Midnight,3.048788727385874
The Comedians,3.048788727385874
The Climb,3.048788727385874
Mosquita y Mari,3.048788727385874
Cars 2,3.048788727385874
Tchoupitoulas,3.048788727385874
"Stewart Lee: If You Prefer a Milder Comedian, Please Ask for One",3.048788727385874
Frenzy,3.048788727385874
The Fugitive,3.048788727385874
けんかえれじい,3.048788727385874
Keine Lieder über Liebe,3.048788727385874
M*A*S*H,3.048788727385874
The Carter,3.048788727385874
Wu Ji,3.048788727385874
Things to Come,3.048788727385874
The Ox-Bow Incident,3.048788727385874
Licence to Kill,3.0464964773080854
Copying Beethoven,3.0460719865529393
The Fisher King,3.0437613904076093
英雄,3.0414647878976457
Roman Holiday,3.0413302020516317
Viva Las Vegas,3.040657272821561
L'Anglaise et le duc,3.040657272821561
Eternal Sunshine of the Spotless Mind,3.040657272821561
ラブ&ポップ,3.040657272821561
Ratatouille,3.040657272821561
Cabin Boy,3.040657272821561
To Die For,3.040657272821561
"Delphine 1, Yvan 0",3.040657272821561
A Time for Killing,3.040657272821561
London Voodoo,3.040657272821561
December Boys,3.040657272821561
Return of the Ghostbusters,3.040657272821561
Capturing the Friedmans,3.040657272821561
Dead Bang,3.040657272821561
Body of Evidence,3.040657272821561
Manhattan,3.040657272821561
Me and You and Everyone We Know,3.040657272821561
Devil in the Flesh,3.03915492825944
Death Machine,3.0371971818464685
Boogeyman,3.0348490909899097
The X Files: I Want to Believe,3.0348490909899097
Population 436,3.0348490909899097
Candy,3.0348490909899097
The Pebble and the Penguin,3.0348490909899097
Severance,3.0348490909899097
煉獄エロイカ,3.0348490909899097
The Assassination of Richard Nixon,3.0348490909899097
Turner & Hooch,3.0348490909899097
Benny's Video,3.0304929546161707
Gazon maudit,3.0304929546161707
Junior Bonner,3.0304929546161707
Oscar,3.0304929546161707
A Chorus Line,3.0304929546161707
Le Retour de Martin Guerre,3.0304929546161707
The Believer,3.0304929546161707
Indigènes,3.0304929546161707
Une vieille maîtresse,3.028928921789055
"Fratello sole, sorella luna",3.0271048485477077
The Grudge,3.0271048485477077
เพชฌฆาตเงียบอันตราย,3.025653228859633
Marie Antoinette,3.0243943636929367
The Dark Side of The Moon,3.0243943636929367
"Paris, je t'aime",3.0243943636929367
Munich,3.0243943636929367
My Super Ex-Girlfriend,3.0243943636929367
The Recruit,3.0243943636929367
54,3.022176694266306
Snow Cake,3.022176694266306
Indiana Jones and the Kingdom of the Crystal Skull,3.022176694266306
Johnny Handsome,3.022176694266306
Y tu mamá también,3.0207612337729683
La Marche de l'empereur,3.02032863641078
Rocky II,3.018144966754375
Shark!,3.017424545494955
The Fearless Vampire Killers,3.017424545494955
Batman & Robin,3.0152464773080854
Thelma & Louise,3.0121971818464686
Star Wars: Episode II - Attack of the Clones,3.0090349495159026
Grbavica,2.9965397788774237
Hotel Very Welcome,2.993079557754848
Populärmusik från Vittula,2.9923630670396903
Dirty Dancing,2.990516430997384
Finding Nemo,2.988361074405881
The Bunker,2.987197181846468
Laitakaupungin valot,2.9857746464960764
Savior,2.9817102597806695
Disclosure,2.980103779919194
Sex and the City,2.9786619697441137
Bandidas,2.9786619697441137
10 Things I Hate About You,2.976722148811761
Mermaids,2.976722148811761
Die fetten Jahre sind vorbei,2.9709209091126683
The Net,2.9679929546161707
The Polar Express,2.9679929546161707
Les Valseuses,2.9679929546161707
Anne of the Indies,2.9679929546161707
69 - Sixtynine,2.9679929546161707
Schock,2.964162115039375
Mies vailla menneisyyttä,2.963420519561338
Trouble in Mind,2.963420519561338
"Faster, Pussycat! Kill! Kill!",2.9634154924360283
"Good bye, Lenin!",2.9602075598383877
Scream,2.957996868718298
Queen of Hearts,2.9573239394882274
Dreiviertelmond,2.9573239394882274
"Crosby, Stills & Nash: Long Time Comin'",2.9573239394882274
The NeverEnding Story III,2.9573239394882274
My Name Is Joe,2.9573239394882274
The Illustrated Man,2.9573239394882274
Sammy and Rosie Get Laid,2.9573239394882274
Das Cabinet des Dr. Caligari,2.9527464773080854
In My Father's Den,2.9495962424619577
Rent,2.9495962424619577
Scandal Sheet,2.9487887273858737
First Target,2.9487887273858737
Corpse Bride,2.9487887273858737
Omagh,2.9487887273858737
El Dorado,2.9487887273858737
Zapped Again!,2.9487887273858737
Muscle Beach Party,2.9487887273858737
Beş Vakit,2.9487887273858737
De zee die denkt,2.9487887273858737
The Creature Walks Among Us,2.9487887273858737
Crimson Tide,2.9487887273858737
Vatel,2.9487887273858737
Die Austernprinzessin,2.9487887273858737
La Grande Vadrouille,2.9487887273858737
'Gator Bait,2.9487887273858737
Finder's Fee,2.9487887273858737
Equalizer 2000,2.9487887273858737
Prick Up Your Ears,2.9487887273858737
Stranded,2.9487887273858737
Verlengd Weekend,2.9487887273858737
Der Perückenmacher,2.9487887273858737
Off the Black,2.9487887273858737
Poodle Springs,2.945995974066384
The Lost World: Jurassic Park,2.945995974066384
Evil Dead II,2.942906528951335
Chill Factor,2.9418418182253356
Spider-Man 2,2.9418418182253356
The Guardian,2.9321654924360283
The Wrecking Crew,2.9312676033572154
Freedom Writers,2.9312676033572154
Ne touchez pas la hache,2.9312676033572154
Carry On Cowboy,2.9312676033572154
Lucky Number Slevin,2.9277681468640266
Carne trémula,2.9261143315840803
Imagine Me & You,2.92597103713985
Till det som är vackert,2.9243943636929366
Austin High,2.9243943636929366
Fire,2.9243943636929366
Mercy,2.9243943636929366
Bend It Like Beckham,2.921255532483696
Crime of Passion,2.916378268425208
A Beautiful Mind,2.9159937374365965
कल हो ना हो,2.9159937374365965
Chasing Amy,2.9159937374365965
The Chronicles of Riddick,2.9159937374365965
Knockin' on Heaven's Door,2.915224897369828
Star Trek VI: The Undiscovered Country,2.9054929546161707
최종병기 활,2.9054929546161707
The Lake House,2.9054929546161707
Desert Saints,2.9054929546161707
4: Rise of the Silver Surfer,2.9054929546161707
There's Something About Mary,2.9033802797637973
Predator 2,2.89532863641078
愛のコリーダ,2.891991948132767
21 Grams,2.891991948132767
Le Secret,2.891991948132767
The Patriot,2.8902464773080854
The Discovery of Heaven,2.8877221943768743
Bang Boom Bang - Ein todsicheres Ding,2.886837673949326
Batman Forever,2.88581305790267
Valkyrie,2.8851643182053905
The Mask of Fu Manchu,2.882929575795291
Nirgendwo in Afrika,2.8812601914173355
Дневной дозор,2.8812601914173355
Roger & Me,2.8801714624751904
El Crimen del Padre Amaro,2.8801714624751904
I Now Pronounce You Chuck & Larry,2.8739906061548943
Max et les ferrailleurs,2.8739906061548943
Les Amants du Pont-Neuf,2.8739906061548943
人間の條件　完結篇,2.8739906061548943
Two Moon Junction,2.8739906061548943
GoldenEye,2.8739906061548943
Smultronstället,2.8739906061548943
Lammbock,2.8739906061548943
Die Sehnsucht der Veronika Voss,2.8687592208061607
"Il buono, il brutto, il cattivo",2.864918741302259
The 13th Warrior,2.8627078592557855
Secret Window,2.8627078592557855
Brubaker,2.8604381818810407
One Flew Over the Cuckoo's Nest,2.8604381818810407
Prospero's Books,2.8604381818810407
Back to the Future Part III,2.860066841303887
Good Will Hunting,2.8589964773080854
The Assassination Bureau,2.8589964773080854
Brother,2.858131454564312
La vita è bella,2.855877079906951
D.E.B.S.,2.8519974380422446
Elsker dig for evigt,2.8495962424619576
The Prize,2.8463849760864797
Mujeres al borde de un ataque de nervios,2.8429929546161707
Hibernatus,2.8429929546161707
The Man in the Iron Mask,2.8429929546161707
That Night,2.8429929546161707
The Bodyguard,2.8429929546161707
La double vie de Véronique,2.8429929546161707
Billy Elliot,2.840358512448124
12 + 1,2.8378790374664336
Harry Potter and the Goblet of Fire,2.829757745477175
Le Gendarme de Saint-Tropez,2.824394363692937
An American in Paris,2.824394363692937
Land of Plenty,2.8205633767041953
Gosford Park,2.8205633767041953
Austin Powers in Goldmember,2.8191079798294094
Best Seller,2.8191079798294094
Pornografia,2.8162629091286244
Metro,2.8162629091286244
"20,000 Leagues Under the Sea",2.814451006848703
Désaccord Parfait,2.811995303077447
Vidas secas,2.8084672727605513
Mad Max 2,2.8065428925876987
Lost in Translation,2.806345440879168
Baisers volés,2.8048826263254854
The Constant Gardener,2.8048826263254854
Thunder Bay,2.8048826263254854
"María, llena eres de gracia",2.8048826263254854
Krull,2.804498238654043
Virtual Sexuality,2.790657272821561
菊次郎の夏,2.7879956643791823
Mr. Holland's Opus,2.784299295461617
The House of the Spirits,2.782929575795291
Domicile Conjugal,2.782929575795291
Superbad,2.7804929546161707
Dark Wolf,2.7804929546161707
Nuovomondo,2.7804929546161707
The Broken,2.7804929546161707
American Splendor,2.7804929546161707
Knight of Cups,2.7804929546161707
My Life Without Me,2.779055508054668
Antoine et Colette,2.7770422529767256
You Instead,2.7743943636929367
Zazie dans le métro,2.77032863641078
Lara Croft: Tomb Raider,2.77032863641078
Star Trek III: The Search for Spock,2.77032863641078
Scary Movie,2.767424545494955
Transformers: Revenge of the Fallen,2.767424545494955
The Bridges of Madison County,2.767424545494955
The Thing,2.7498046334493345
Uncle Buck,2.7498046334493345
Jönssonligan får guldfeber,2.7495962424619576
De jurk,2.7495341259176436
裸の島,2.7493270707699295
Kill Bill: Vol. 2,2.7493270707699295
Kruistocht in Spijkerbroek,2.749134805275624
ドールズ,2.749134805275624
On connaît la chanson,2.749134805275624
Indiana Jones and the Temple of Doom,2.749134805275624
Don't Lose Your Head,2.749134805275624
Nocturna,2.749134805275624
Vivre sa vie: film en douze tableaux,2.749134805275624
Harry Potter and the Prisoner of Azkaban,2.7452582154986924
The Greatest Story Ever Told,2.740151678343437
Hable con ella,2.731710259780669
Kebab Connection,2.729757745477175
Hellgate,2.7286619697441137
Lars and the Real Girl,2.7243943636929364
"Ensemble, c'est tout",2.7243943636929364
Talk to Me,2.7243943636929364
Jezebel,2.7243943636929364
Ladybug Ladybug,2.7243943636929364
Judex,2.7179929546161707
Jungle Fever,2.7121971818464683
Abre los ojos,2.707323939488228
Stargate,2.707323939488228
Cruel Intentions 2,2.707323939488228
Kingdom of Heaven,2.707323939488228
Bedazzled,2.707323939488228
停車,2.707323939488228
I girasoli,2.7039948760844883
What Women Want,2.7027464773080854
Absolute Power,2.693771515214374
The Holiday,2.693771515214374
Planet Terror,2.693771515214374
Romeo Is Bleeding,2.680825642652737
Mon oncle,2.68021909094052
ゴジラvsメカゴジラ,2.68021909094052
El otro lado de la cama,2.6774722009718257
Furankenshutain no Kaijū: Sanda tai Gaira,2.6632286014203603
Fail-Safe,2.6621971818464685
Dragon Hunter,2.6602816883520974
I Heart Huckabees,2.6554929546161707
Lara Croft Tomb Raider: The Cradle of Life,2.6554929546161707
Citizen Kane,2.649596242461958
The Whole Ten Yards,2.649596242461958
Les amants,2.649596242461958
Star Trek V: The Final Frontier,2.6489219930178725
The Fountain,2.641041027692581
The Vanishing,2.639527754027334
Metropolis,2.6379577462180146
All the President's Men,2.634149510533028
Riding Giants,2.6243943636929368
Doctor X,2.6239906061548943
Our Mother's House,2.6239906061548943
Les Poupées Russes,2.6239906061548943
Benny & Joon,2.6239906061548943
Kolja,2.614983232332212
Hot Fuzz,2.6069698181979817
Anatomy of a Murder,2.582929575795291
Marusa no onna,2.5777464773080854
Monty Python and the Holy Grail,2.5638126427192875
La strada,2.5621971818464684
Antonia,2.542894608169978
Na More!,2.540657272821561
Tough and Deadly,2.540657272821561
"Dude, Where’s My Car?",2.540657272821561
The Day After Tomorrow,2.538032942998803
Lonesome Cowboys,2.5304929546161707
Orlacs Hände,2.5304929546161707
Iron Man,2.522176694266306
Shrek the Third,2.52032863641078
American Psycho,2.516262909128624
The Driver,2.484937860995845
Hatchet II,2.471549292992152
Pi,2.463420519561338
Two Weeks Notice,2.4551408441760487
Star Trek: Generations,2.442152400946907
The Grudge 2,2.4418418182253356
1984,2.436995303077447
The Grudge 3,2.4243943636929366
L'arrivée d'un train en gare de La Ciotat,2.414088710998946
The Party at Kitty and Stud's,2.38581305790267
The Men,2.3513732386540425
The Next Best Thing,2.324798121230979
8 Mile,2.2809976515387236
28 Weeks Later,2.259685169351556
The Lost Valentine,2.249134805275624
Visions of Europe,2.2339964773080854
Out of Sight,2.2339964773080854
The Education of Little Tree,2.224394363692937
Teenage Mutant Ninja Turtles III,2.210748238654043
The Anniversary,2.186995303077447
L'Ours,2.1714964773080854
Abraham,2.151842032096654
Transamerica,2.0830449350918747
薔薇の葬列,1.9349608754418286
Chinatown,1.9312676033572154
Dr. Cyclops,1.6193018972577986
